"crime_address_code","crime_address","cross_street","latitude","longitude"
1,"11900    VENTURA                      BL","N/A",34.1427,-118.391
2,"2100 W  29TH                         PL","N/A",34.0283,-118.312
3,"1300 N  HARVARD                      BL","N/A",34.0951,-118.304
4,"1900    PALM GROVE                   AV","N/A",34.0399,-118.341
5,"1200 E  7TH                          ST","N/A",34.0395,-118.241
6,"13000    SHERMAN                      WY","N/A",34.2037,-118.421
7,"11400    ROCHESTER                    AV","N/A",34.0486,-118.454
8,"8500 S  FIGUEROA                     ST","N/A",33.9611,-118.283
9,"1500    ANCHORAGE                    RD","N/A",33.7667,-118.243
10,"1500    VINE                         ST","N/A",34.0987,-118.334
11,"IMPERIAL                     HY","AVALON                       BL",33.931,-118.265
12,"11800    IOWA                         AV","N/A",34.0403,-118.456
13,"5400    SIERRA VISTA                 AV","N/A",34.0896,-118.309
14,"1200    BIG CANYON                   PL","N/A",33.7393,-118.302
15,"19900    LUBAO                        PL","N/A",34.2588,-118.568
16,"1100 S  BOYLE                        AV","N/A",34.0289,-118.221
17,"6100    ROY                          ST","N/A",34.1227,-118.186
18,"1900    TALMADGE                     ST","N/A",34.1054,-118.283
19,"12700    OTSEGO                       ST","N/A",34.1631,-118.409
20,"700 W  140TH                        ST","N/A",33.9046,-118.287
21,"6900    HASKELL                      AV","N/A",34.1957,-118.475
22,"1200    MAPLE                        AV","N/A",34.0388,-118.257
23,"600    KOHLER                       ST","N/A",34.0394,-118.241
24,"7900    GLENOAKS                     BL","N/A",34.2149,-118.351
25,"700    HARTFORD                     AV","N/A",34.0522,-118.267
26,"17600    BURBANK                      BL","N/A",34.1723,-118.516
27,"MARTIN LUTHER KING JR        BL","BUDLONG                      AV",34.0109,-118.296
28,"1100    MAPLE                        AV","N/A",34.0371,-118.255
29,"7600 S  SAN PEDRO                    ST","N/A",33.9713,-118.27
30,"9600    OWENSMOUTH                   AV","N/A",34.2447,-118.602
31,"7800    WOODLAKE                     AV","N/A",34.2119,-118.632
32,"6200 S  FIGUEROA                     ST","N/A",33.9833,-118.283
33,"N  ARGYLE                       AV","VINE                         ST",34.0944,-118.312
34,"11300    SANTA MONICA                 BL","N/A",34.0465,-118.448
35,"100 N  CITRUS                       AV","N/A",34.0736,-118.34
36,"11600    WILSHIRE                     BL","N/A",34.0511,-118.464
37,"6TH","CROCKER",34.0437,-118.245
38,"1000 S  BROADWAY","N/A",34.0409,-118.257
39,"500 N  FIGUEROA                     ST","N/A",34.0617,-118.247
40,"3400    VENICE                       BL","N/A",34.0436,-118.321
41,"100 S  BURLINGTON                   AV","N/A",34.065,-118.267
42,"4400    EXPOSITION                   BL","N/A",34.0237,-118.344
43,"5600    HOLLYWOOD                    BL","N/A",34.1017,-118.311
44,"1300 W  38TH                         ST","N/A",34.0173,-118.3
45,"1600    WESTWOOD                     BL","N/A",34.0529,-118.44
46,"600 E  COLDEN                       AV","N/A",33.9493,-118.265
47,"1000    DUNDAS                       ST","N/A",34.0497,-118.196
48,"11800    VENTURA                      BL","N/A",34.1451,-118.387
49,"8900    VENICE                       BL","N/A",34.0294,-118.388
50,"11200 W  PICO                         BL","N/A",34.0362,-118.437
51,"6700    HILLPARK                     DR","N/A",34.1173,-118.338
52,"1400    SILVER LAKE                  BL","N/A",34.0848,-118.271
53,"SHOSHONE                     AV","PARTHENIA                    ST",34.2248,-118.515
54,"10300    AVALON                       BL","N/A",33.9431,-118.265
55,"MANCHESTER                   BL","FIGUEROA",33.9601,-118.283
56,"9400    LA SALLE                     AV","N/A",33.9511,-118.306
57,"600    LAGOON                       AV","N/A",33.7768,-118.267
58,"8900    TOPANGA CANYON               BL","N/A",34.2315,-118.603
59,"WHEATLAND","GLENOAKS",34.2249,-118.362
60,"1300 E  15TH                         ST","N/A",34.0272,-118.248
61,"4600    STONER                       AV","N/A",33.9953,-118.415
62,"DE SOTO","VENTURA                      FY",34.168,-118.588
63,"21900    VANOWEN                      ST","N/A",34.1938,-118.604
64,"4100 S  FIGUEROA                     ST","N/A",34.0094,-118.283
65,"400    WORLD                        WY","N/A",33.9433,-118.407
66,"1100 W  42ND                         ST","N/A",34.0073,-118.294
67,"3300 W  ADAMS                        BL","N/A",34.0327,-118.32
68,"1600 N  MARIPOSA                     AV","N/A",34.1,-118.299
69,"14000    VAN NUYS                     BL","N/A",34.2546,-118.438
70,"9500    URBANA                       AV","N/A",34.2422,-118.435
71,"JAMES M WOOD                 BL","WESTLAKE",34.0529,-118.278
72,"12600    SAN FERNANDO                 RD","N/A",34.2986,-118.458
73,"11000    VICTORY                      BL","N/A",34.1867,-118.37
74,"SUNLAND                      BL","SAN FERNANDO                 RD",34.2191,-118.369
75,"6700 S  SAN PEDRO                    ST","N/A",33.9788,-118.27
76,"5800    SHOUP                        AV","N/A",34.1756,-118.615
77,"100 W  108TH                        ST","N/A",33.9383,-118.274
78,"200 S  HARVARD                      BL","N/A",34.0712,-118.304
79,"BALBOA","VICTORY",34.1757,-118.485
80,"1600 W  57TH                         ST","N/A",33.9906,-118.304
81,"7800    SIMPSON                      AV","N/A",34.2121,-118.389
82,"200    WORLD WAY","N/A",33.9449,-118.406
83,"3800 N  MISSION                      RD","N/A",34.0693,-118.2
84,"SANTA MONICA","MC CADDEN",34.0907,-118.337
85,"VERMONT                      AV","6TH                          ST",34.0637,-118.292
86,"8100 W  SUNSET                       BL","N/A",34.098,-118.365
87,"MANCHESTER","BROADWAY",33.9601,-118.278
88,"21900    BURBANK                      BL","N/A",34.172,-118.605
89,"800 W  OLYMPIC                      BL","N/A",34.045,-118.264
90,"FLOWER","77TH",33.9699,-118.281
91,"EL CENTRO","HOLLYWOOD                    BL",34.1017,-118.324
92,"4200    WALTON                       AV","N/A",34.0073,-118.295
93,"300 E  MANCHESTER                   AV","N/A",33.9601,-118.27
94,"3300 N  SAN FERNANDO                 RD","N/A",34.1178,-118.249
95,"1700 N  SANTA ANA                    BL","N/A",33.9405,-118.243
96,"1500 W  46TH                         ST","N/A",34.0019,-118.303
97,"100    THE GROVE                    DR","N/A",34.0761,-118.356
98,"4TH                          ST","LOS ANGELES",34.047,-118.246
99,"500 S  LAKE                         ST","N/A",34.0611,-118.275
100,"700 S  SPRING                       ST","N/A",34.0445,-118.252
101,"2100    ALLESANDRO                   ST","N/A",34.0923,-118.257
102,"1400    LOGAN                        ST","N/A",34.0784,-118.258
103,"9300    YOLANDA                      AV","N/A",34.2391,-118.54
104,"21300    SATICOY                      ST","N/A",34.2136,-118.591
105,"19500    NORMANDIE                    AV","N/A",33.8481,-118.304
106,"600 W  45TH                         ST","N/A",34.0028,-118.284
107,"MENLO","60TH                         ST",33.9855,-118.289
108,"15900    MIAMI                        WY","N/A",34.0433,-118.535
109,"200 N  RIDGEWOOD                    PL","N/A",34.0746,-118.315
110,"11700    SATICOY                      ST","N/A",34.2085,-118.388
111,"8700    WILBUR                       AV","N/A",34.2282,-118.545
112,"CAMBRIA                      ST","UNION                        AV",34.0531,-118.272
113,"17900    EMELITA                      ST","N/A",34.1776,-118.525
114,"11100    LAUREL CANYON                BL","N/A",34.2717,-118.446
115,"17500    VENTURA                      BL","N/A",34.166,-118.509
116,"3700 S  VERMONT                      AV","N/A",34.0145,-118.294
117,"20900    VENTURA                      BL","N/A",34.1664,-118.588
118,"1600 E  99TH                         ST","N/A",33.9467,-118.246
119,"17800    MERRIDY                      ST","N/A",34.2522,-118.522
120,"1600 W  71ST                         ST","N/A",33.9754,-118.305
121,"4700    VENICE                       BL","N/A",34.0469,-118.339
122,"14500    VENTURA                      BL","N/A",34.1547,-118.453
123,"200 N  PARK VIEW                    ST","N/A",34.0698,-118.273
124,"200 S  ALEXANDRIA                   AV","N/A",34.0712,-118.298
125,"7TH                          ST","BROADWAY",34.0452,-118.253
126,"3700 S  BENTLEY                      AV","N/A",34.0157,-118.417
127,"23500    COMMUNITY                    ST","N/A",34.2214,-118.639
128,"OAKWOOD","MADISON",34.0777,-118.289
129,"19300    NORDHOFF                     ST","N/A",34.2355,-118.554
130,"4100    PALMWOOD                     DR","N/A",34.0137,-118.343
131,"9400    SYLMAR                       AV","N/A",34.241,-118.448
132,"16100    SHERMAN                      WY","N/A",34.2074,-118.479
133,"5900    WILSHIRE                     BL","N/A",34.0637,-118.356
134,"6800    FOOTHILL                     BL","N/A",34.2516,-118.282
135,"SATICOY                      ST","SEPULVEDA                    BL",34.2085,-118.466
136,"WESTERN                      AV","CAPITOL                      DR",33.7522,-118.309
137,"1600    GREENFIELD                   AV","N/A",34.0507,-118.443
138,"800    BEACON                       AV","N/A",34.0529,-118.273
139,"AVALON","CENTURY",33.9398,-118.261
140,"1500 S  POINT VIEW                   ST","N/A",34.0498,-118.371
141,"900    VALENCIA                     ST","N/A",34.05,-118.271
142,"4100    MARLTON                      AV","N/A",34.0105,-118.34
143,"14700    TITUS                        ST","N/A",34.2198,-118.453
144,"119TH","VERMONT                      AV",33.9274,-118.287
145,"7100    HILLSIDE                     AV","N/A",34.1053,-118.345
146,"2100    CENTURY                      BL","N/A",33.9457,-118.234
147,"CARLOS                       AV","GOWER                        AV",34.0998,-118.321
148,"400 W  113TH                        ST","N/A",33.932,-118.282
149,"100 N  TOLUCA                       ST","N/A",34.0616,-118.259
150,"900 E  120TH                        ST","N/A",33.9237,-118.26
151,"STADIUM","ELYSIAN PARK",34.0861,-118.243
152,"3600    CARDIFF                      AV","N/A",34.0286,-118.398
153,"4800    MARTIN LUTHER KING JR        BL","N/A",34.0198,-118.349
154,"4TH                          AV","SOUTHWEST                    DR",33.982,-118.321
155,"3000 S  MCCLINTOCK                   AV","N/A",34.0268,-118.29
156,"AVALON","45TH                         ST",34.0025,-118.265
157,"9500    GLOAMING                     DR","N/A",34.1169,-118.401
158,"800 W  ADAMS                        BL","N/A",34.03,-118.28
159,"SEPULVEDA","ROXFORD",34.3152,-118.491
160,"110TH                        ST","BROADWAY",33.9356,-118.278
161,"10900    OWENSMOUTH                   AV","N/A",34.2682,-118.602
162,"11900    EL ORO                       WY","N/A",34.2875,-118.503
163,"200 E  6TH                          ST","N/A",34.0437,-118.245
164,"700 E  97TH                         ST","N/A",33.9484,-118.263
165,"400    WITMER                       ST","N/A",34.0576,-118.264
166,"6400    SELMA                        AV","N/A",34.0998,-118.329
167,"13200    SHERMAN                      WY","N/A",34.2012,-118.421
168,"6800    HOLLYWOOD                    BL","N/A",34.1016,-118.339
169,"3000 S  NORMANDIE                    AV","N/A",34.0273,-118.3
170,"W  3RD                          ST","S  BONNIE BRAE                  ST",34.0625,-118.271
171,"1200 S  WYCLIFF                      AV","N/A",33.7333,-118.313
172,"2300    SCARFF                       ST","N/A",34.0347,-118.281
173,"4000    PALMWOOD                     DR","N/A",34.0132,-118.342
174,"7300    SUMMITROSE                   ST","N/A",34.2596,-118.291
175,"1500    BELLEVUE                     AV","N/A",34.0693,-118.258
176,"GRANDE VISTA","OLYMPIC",34.0197,-118.21
177,"4400 W  SUNSET                       BL","N/A",34.0967,-118.285
178,"800 N  VIRGIL                       AV","N/A",34.0882,-118.287
179,"600 S  FIGUEROA                     ST","N/A",34.0509,-118.258
180,"300 N  NORTON                       AV","N/A",34.0763,-118.317
181,"7600    DENSMORE                     AV","N/A",34.2085,-118.477
182,"7900 W  SUNSET                       BL","N/A",34.0981,-118.362
183,"800 E  76TH                         ST","N/A",33.9712,-118.261
184,"7800    MELROSE                      AV","N/A",34.0838,-118.359
185,"6600    FALLBROOK                    AV","N/A",34.1883,-118.627
186,"100    BROOKS                       AV","N/A",33.9916,-118.475
187,"20000    VENTURA                      BL","N/A",34.1719,-118.568
188,"2500 W  AVENUE 33","N/A",34.1164,-118.233
189,"4800    VENICE                       BL","N/A",34.0466,-118.341
190,"10800    MAGNOLIA                     BL","N/A",34.1649,-118.366
191,"700    WORLD                        WY","N/A",33.9432,-118.401
192,"1200    FIGUEROA                     PL","N/A",33.786,-118.282
193,"14TH                         ST","SPENCE                       ST",34.0173,-118.203
194,"12100    OXNARD                       ST","N/A",34.1794,-118.396
195,"42ND                         ST","ALAMEDA                      ST",34.006,-118.239
196,"400 N  FIGUEROA                     ST","N/A",34.0601,-118.25
197,"12300    CHANDLER                     BL","N/A",34.1687,-118.401
198,"1200 E  109TH                        ST","N/A",33.9368,-118.254
199,"1100 W  39TH                         PL","N/A",34.0141,-118.298
200,"600 S  HILL                         ST","N/A",34.0474,-118.253
201,"5700    COLFAX                       AV","N/A",34.174,-118.388
202,"HOMESIDE                     AV","DURAY                        PL",34.027,-118.361
203,"8700 S  HOOVER                       ST","N/A",33.9587,-118.287
204,"RAYMER                       ST","KESTER                       AV",34.2103,-118.458
205,"22100    BASSETT                      ST","N/A",34.1956,-118.608
206,"SLAUSON                      AV","FIGUEROA                     ST",33.9892,-118.283
207,"5500    LANKERSHIM                   BL","N/A",34.17,-118.378
208,"COLGATE                      AV","SWEETZER                     AV",34.0701,-118.37
209,"4700    RODEO                        LN","N/A",34.021,-118.348
210,"S  BEAUDRY                      AV","W  5TH                          ST",34.0539,-118.259
211,"GRAND","OLYMPIC",34.0416,-118.262
212,"400 E  5TH                          ST","N/A",34.0453,-118.244
213,"800 W  8TH                          ST","N/A",34.0473,-118.26
214,"600 N  CRESCENT HEIGHTS             BL","N/A",34.0816,-118.366
215,"5800 S  LOS ANGELES                  ST","N/A",33.9877,-118.271
216,"1600 W  7TH                          ST","N/A",34.0539,-118.271
217,"6800    REMMET                       AV","N/A",34.1938,-118.6
218,"1000    WILMINGTON                   BL","N/A",33.7823,-118.274
219,"100 W  77TH                         ST","N/A",33.9699,-118.274
220,"11900    VENTURA                      BL","N/A",34.1451,-118.387
221,"300 E  42ND                         ST","N/A",34.0074,-118.27
222,"4800    BAKMAN                       AV","N/A",34.1577,-118.377
223,"8TH                          ST","LAKE",34.0554,-118.279
224,"LAUREL CANYON                BL","VENTURA                      BL",34.1436,-118.395
225,"CHASE","WOODMAN",34.228,-118.434
226,"5900    VENICE                       BL","N/A",34.0398,-118.37
227,"14300    ADDISON                      ST","N/A",34.1613,-118.446
228,"800    BLOOMWALK","N/A",34.0215,-118.287
229,"4200    CRENSHAW                     BL","N/A",34.0085,-118.335
230,"NICOLET                      AV","COLISEUM                     ST",34.0183,-118.35
231,"1400 W  GAGE                         AV","N/A",33.9824,-118.3
232,"FILMORE","CANTERBURY",34.2522,-118.448
233,"2100 W  24TH                         ST","N/A",34.0348,-118.312
234,"5200 S  FIGUEROA                     ST","N/A",33.9923,-118.287
235,"16600    CHATSWORTH                   ST","N/A",34.2647,-118.493
236,"1100 W  45TH                         ST","N/A",34.0027,-118.294
237,"8500    CEDROS                       AV","N/A",34.2247,-118.453
238,"STEVELY                      AV","COLISEUM",34.0183,-118.354
239,"7600 S  BROADWAY","N/A",33.9708,-118.278
240,"5400    AMIGO                        AV","N/A",34.1681,-118.539
241,"600 W  35TH                         ST","N/A",34.0204,-118.281
242,"4400    CARTWRIGHT                   AV","N/A",34.1504,-118.363
243,"18900    LEADWELL                     ST","N/A",34.204,-118.545
244,"1100 E  113TH                        ST","N/A",33.9319,-118.257
245,"3700    BARHAM                       BL","N/A",34.1389,-118.342
246,"10800    JUNIPER                      ST","N/A",33.9376,-118.233
247,"2600 S  FIGUEROA                     ST","N/A",34.0268,-118.281
248,"5400    VALLEY CIRCLE                BL","N/A",34.1684,-118.643
249,"1400 S  HOPE                         ST","N/A",34.0382,-118.267
250,"3400 S  SAN PEDRO                    ST","N/A",34.0144,-118.271
251,"CHAUTAUQUA","SUNSET                       BL",34.0414,-118.518
252,"13500    RANGOON                      ST","N/A",34.2276,-118.427
253,"17900    BURBANK                      BL","N/A",34.1722,-118.522
254,"00    FREMONT                      PL","N/A",34.0563,-118.329
255,"8000 S  VERMONT                      AV","N/A",33.9667,-118.291
256,"3000 W  PICO                         BL","N/A",34.0472,-118.306
257,"17500    VICTORY                      BL","N/A",34.1866,-118.514
258,"1500 E  107TH                        ST","N/A",33.9389,-118.248
259,"7300    BAKMAN                       AV","N/A",34.203,-118.378
260,"700 W  51ST                         ST","N/A",33.9965,-118.286
261,"7100    FULTON                       AV","N/A",34.1994,-118.423
262,"4700    KLAMATH                      ST","N/A",34.0802,-118.185
263,"PAXTON                       ST","LAUREL CANYON                BL",34.2636,-118.44
264,"300 E  93RD                         ST","N/A",33.952,-118.27
265,"600 S  CATALINA                     ST","N/A",34.0608,-118.295
266,"400 E  97TH                         ST","N/A",33.9483,-118.267
267,"900    MALTMAN                      AV","N/A",34.0853,-118.28
268,"2900    CARDIFF                      AV","N/A",34.0366,-118.396
269,"1200    ELDEN                        AV","N/A",34.0491,-118.288
270,"22900    CRESPI                       ST","N/A",34.1623,-118.626
271,"1700 N  ORANGE                       DR","N/A",34.1016,-118.342
272,"500 S  LOS ANGELES                  ST","N/A",34.0461,-118.248
273,"500    CROCKER                      ST","N/A",34.0435,-118.243
274,"5700    LEMP                         AV","N/A",34.174,-118.384
275,"VERMONT                      AV","53RD                         ST",33.9941,-118.291
276,"16100    OSBORNE                      ST","N/A",34.2338,-118.482
277,"4600    EAGLE ROCK                   BL","N/A",34.1275,-118.218
278,"16700    OTSEGO                       ST","N/A",34.165,-118.498
279,"9000    LINDLEY                      AV","N/A",34.234,-118.537
280,"7200    LANKERSHIM                   BL","N/A",34.2012,-118.388
281,"7TH","ALVARADO",34.0565,-118.277
282,"TWIN HILLS                   AV","PAUMA VALLEY                 DR",34.2814,-118.553
283,"600 S  PALOS VERDES                 ST","N/A",33.7388,-118.281
284,"900 S  GRAMERCY                     PL","N/A",34.0559,-118.313
285,"9300    MAIE                         AV","N/A",33.9524,-118.245
286,"300 S  BROADWAY","N/A",34.051,-118.248
287,"11500    SASSARI                      LN","N/A",34.2814,-118.584
288,"900 E  83RD                         ST","N/A",33.9638,-118.259
289,"6400    PACIFIC                      AV","N/A",33.9614,-118.452
290,"WILSHIRE","HOBART",34.0527,-118.307
291,"1600    WARNALL                      AV","N/A",34.0621,-118.424
292,"1900    SICHEL                       ST","N/A",34.066,-118.213
293,"6900    PACIFIC VIEW                 DR","N/A",34.1218,-118.346
294,"1600    GLENDON                      AV","N/A",34.0531,-118.438
295,"12000    VANOWEN                      ST","N/A",34.194,-118.394
296,"13700    FOOTHILL                     BL","N/A",34.3086,-118.432
297,"100 N  MYERS                        ST","N/A",34.0478,-118.229
298,"BLAINE                       ST","OLYMPIC                      BL",34.0473,-118.27
299,"11000    VENTURA                      BL","N/A",34.143,-118.373
300,"12800    SYLVAN                       ST","N/A",34.1849,-118.412
301,"1600 W  38TH                         PL","N/A",34.0165,-118.309
302,"12800 S  VERMONT                      AV","N/A",33.9165,-118.292
303,"1600 W  260TH                        ST","N/A",33.7869,-118.304
304,"CRENSHAW","RODEO",34.017,-118.348
305,"600 W  5TH                          ST","N/A",34.0519,-118.253
306,"500 E  VERNON                       AV","N/A",34.0039,-118.267
307,"5200    LATHROP                      ST","N/A",34.0971,-118.167
308,"29TH","WESTERN",34.0328,-118.323
309,"VERNON","CENTRAL",33.9994,-118.25
310,"HILL","TEMPLE",34.0565,-118.244
311,"9100 S  WESTERN                      AV","N/A",33.9545,-118.309
312,"900 E  2ND                          ST","N/A",34.0472,-118.235
313,"99TH","MAIN                         ST",33.9465,-118.274
314,"21700    VICTORY                      BL","N/A",34.1878,-118.602
315,"2400    RIVERSIDE                    DR","N/A",34.1049,-118.255
316,"8700    VANALDEN                     AV","N/A",34.2283,-118.549
317,"400 E  118TH                        ST","N/A",33.9265,-118.268
318,"WEDDINGTON","LANKERSHIM",34.167,-118.375
319,"700 W  7TH                          ST","N/A",34.048,-118.258
320,"5100 W  ADAMS                        BL","N/A",34.0334,-118.352
321,"17400    VICTORY                      BL","N/A",34.1866,-118.512
322,"WESTLAKE","7TH                          ST",34.0544,-118.277
323,"UNION","BEVERLY",34.0627,-118.265
324,"14000    RIVERSIDE                    DR","N/A",34.1576,-118.438
325,"COMPTON                      AV","IMPERIAL                     HY",33.9295,-118.246
326,"WILSHIRE                     BL","BROCKTON",34.046,-118.465
327,"3100    MALABAR                      ST","N/A",34.0459,-118.197
328,"WILSHIRE                     BL","S  DUNSMUIR",34.0623,-118.348
329,"14200    SHERMAN                      WY","N/A",34.2012,-118.443
330,"100 N  HARPER                       AV","N/A",34.0743,-118.369
331,"300 N  FICKETT                      ST","N/A",34.0442,-118.206
332,"ALDAMA","AVENUE 56",34.114,-118.198
333,"13000    VENICE                       BL","N/A",33.9994,-118.442
334,"E  2ND                          ST","S  SAN PEDRO                    ST",34.0493,-118.242
335,"14700    VANOWEN                      ST","N/A",34.1939,-118.453
336,"1300 S  SALTAIR                      AV","N/A",34.0438,-118.465
337,"500 N  GAFFEY                       ST","N/A",33.7472,-118.293
338,"15800    LAHEY                        ST","N/A",34.2728,-118.476
339,"HOLLYWOOD","VINE",34.1016,-118.327
340,"5600    MONTEREY                     RD","N/A",34.1022,-118.187
341,"3000    ROYAL                        ST","N/A",34.0263,-118.281
342,"6200 W  MANCHESTER                   BL","N/A",33.9599,-118.395
343,"18300    ROSCOE                       BL","N/A",34.2208,-118.532
344,"7300    CORBIN                       AV","N/A",34.2047,-118.569
345,"2200 W  15TH                         ST","N/A",34.0453,-118.286
346,"21500    CALIFA                       ST","N/A",34.1773,-118.599
347,"1900 W  SLAUSON                      AV","N/A",33.9892,-118.311
348,"1500    LAKME                        AV","N/A",33.7935,-118.261
349,"11500 S  MONA                         BL","N/A",33.9327,-118.235
350,"1800    GRENADIER                    DR","N/A",33.7272,-118.317
351,"CLINTON                      ST","FAIRFAX                      AV",34.0817,-118.362
352,"1800    HAUSER                       BL","N/A",34.0417,-118.359
353,"2800 E  OBSERVATORY                  RD","N/A",34.1192,-118.3
354,"1300 N  GORDON                       ST","N/A",34.0944,-118.32
355,"2400    FOLSOM                       ST","N/A",34.0486,-118.207
356,"300 S  HOOVER                       ST","N/A",34.0652,-118.288
357,"HOLLYWOOD","ORANGE",34.1016,-118.341
358,"6400    SELMA                        AV","N/A",34.0998,-118.33
359,"12000    WILSHIRE                     BL","N/A",34.0473,-118.477
360,"12700    NORRIS                       AV","N/A",34.3009,-118.451
361,"11300    CAMARILLO                    ST","N/A",34.1577,-118.377
362,"1300    NEWTON                       ST","N/A",34.028,-118.247
363,"FRAMPTON","PACIFIC COAST",33.7895,-118.3
364,"15700    NORDHOFF                     ST","N/A",34.2409,-118.478
365,"MESA","5TH                          ST",33.7397,-118.286
366,"300 S  SANTA FE                     AV","N/A",34.046,-118.233
367,"3200    OAKLEY                       DR","N/A",34.1299,-118.359
368,"16800    VICTORY                      BL","N/A",34.1939,-118.497
369,"800 E  113TH                        ST","N/A",33.9319,-118.26
370,"100 W  1ST                          ST","N/A",34.0522,-118.243
371,"78TH                         ST","HOOVER                       ST",33.9688,-118.287
372,"9600    YOAKUM                       DR","N/A",34.1147,-118.427
373,"QUEENSBURY                   DR","CAVENDISH",34.0344,-118.408
374,"600    MILWOOD                      AV","N/A",33.9909,-118.465
375,"3200    ELLINGTON                    DR","N/A",34.1276,-118.351
376,"14200    MONTFORD                     ST","N/A",34.2595,-118.443
377,"7100    WHITSETT                     AV","N/A",34.1994,-118.405
378,"2900    MAPLE                        AV","N/A",34.021,-118.267
379,"5TH                          ST","SPRING",34.0446,-118.251
380,"9500    BOLTON                       RD","N/A",34.0456,-118.395
381,"6400    DENVER                       AV","N/A",33.9812,-118.284
382,"1500 S  GRAMERCY                     PL","N/A",34.0454,-118.313
383,"5500    CANOGA                       AV","N/A",34.1715,-118.597
384,"81ST                         PL","BUDLONG                      AV",33.9655,-118.296
385,"MANCHESTER","WESTERN",33.96,-118.309
386,"ARMINTA                      ST","SIMPSON                      AV",34.2139,-118.389
387,"LONGWOOD                     AV","21ST                         ST",34.038,-118.346
388,"11700    VENTURA                      BL","N/A",34.1413,-118.388
389,"500 W  7TH                          ST","N/A",34.0467,-118.256
390,"FALLBROOK","VICTORY",34.1864,-118.623
391,"200 W  SANTA CRUZ                   ST","N/A",33.741,-118.284
392,"400 S  HARVARD                      BL","N/A",34.0672,-118.304
393,"3400    DREW                         ST","N/A",34.1211,-118.241
394,"8100    FORDHAM                      RD","N/A",33.9643,-118.419
395,"900 S  BEACON                       ST","N/A",33.7347,-118.284
396,"8000    WEBB                         AV","N/A",34.2157,-118.388
397,"1100 W  ADAMS                        BL","N/A",34.0348,-118.288
398,"600 S  CATALINA                     ST","N/A",34.0588,-118.295
399,"SUNSET                       BL","MC CADDEN",34.098,-118.338
400,"PARTHENIA","SEPULVEDA",34.2283,-118.468
401,"200 S  PALOS VERDES                 ST","N/A",33.7424,-118.281
402,"18200    CHATSWORTH                   ST","N/A",34.2707,-118.535
403,"400 N  MADISON                      AV","N/A",34.0777,-118.289
404,"7600    BEVERLY                      BL","N/A",34.0761,-118.355
405,"11600    OXNARD                       ST","N/A",34.1849,-118.383
406,"1400 S  COCHRAN                      AV","N/A",34.0483,-118.353
407,"2600    PIRTLE                       ST","N/A",34.0979,-118.244
408,"2100 S  BENTLEY                      AV","N/A",34.0421,-118.438
409,"4000    BEETHOVEN                    ST","N/A",33.9901,-118.433
410,"3900    GUARDIA                      AV","N/A",34.0898,-118.17
411,"11100    BURBANK                      BL","N/A",34.1758,-118.375
412,"6200    FOUNTAIN                     AV","N/A",34.0944,-118.325
413,"19100    HARTLAND                     ST","N/A",34.1948,-118.549
414,"1100 E  ADAMS                        BL","N/A",34.0188,-118.255
415,"12100    BRADFORD                     PL","N/A",34.2908,-118.506
416,"9000    COLUMBUS                     AV","N/A",34.2337,-118.465
417,"13000    VANOWEN                      ST","N/A",34.194,-118.416
418,"800 S  BONNIE BRAE                  ST","N/A",34.0547,-118.277
419,"900 E  L                            ST","N/A",33.7874,-118.252
420,"1900    VESTAL                       AV","N/A",34.0869,-118.253
421,"5300    LANKERSHIM                   BL","N/A",34.167,-118.376
422,"7200    SEPULVEDA                    BL","N/A",34.2085,-118.47
423,"9000    SAINT IVES                   DR","N/A",34.0938,-118.389
424,"MAIN                         ST","CENTURY                      BL",33.9456,-118.274
425,"9400    RESEDA                       BL","N/A",34.241,-118.536
426,"WESTERN                      AV","54TH                         ST",33.9933,-118.309
427,"00    IRONSIDES                    ST","N/A",33.9743,-118.463
428,"3600    VIRGINIA                     RD","N/A",34.0231,-118.339
429,"600 S  WESTMORELAND                 AV","N/A",34.0637,-118.288
430,"1600 S  PREUSS                       RD","N/A",34.0506,-118.384
431,"6200    BANNER                       AV","N/A",34.0917,-118.324
432,"1900    CHARITON                     ST","N/A",34.0428,-118.377
433,"600 S  RAMPART                      BL","N/A",34.0624,-118.281
434,"6800    ESTEPA                       DR","N/A",34.2411,-118.279
435,"1000 E  7TH                          ST","N/A",34.0385,-118.244
436,"5500    TUJUNGA                      AV","N/A",34.1673,-118.382
437,"2000 W  SILVER LAKE                  DR","N/A",34.0957,-118.266
438,"20100    SATICOY                      ST","N/A",34.212,-118.575
439,"PALM GROVE","WESTHAVEN",34.0269,-118.349
440,"1400    SANTEE                       ST","N/A",34.0341,-118.259
441,"3700    CIMARRON                     ST","N/A",34.0161,-118.316
442,"500 W  52ND                         PL","N/A",33.995,-118.283
443,"21200    KITTRIDGE                    ST","N/A",34.1912,-118.594
444,"7000    3RD                          AV","N/A",33.9764,-118.321
445,"LULL                         ST","WHITSETT                     AV",34.2095,-118.406
446,"1100 W  36TH                         ST","N/A",34.0231,-118.291
447,"6200    SANTA MONICA                 BL","N/A",34.0908,-118.324
448,"500 N  GARDNER                      ST","N/A",34.0803,-118.353
449,"ALAMEDA                      ST","PACIFIC COAST                HY",33.7913,-118.24
450,"4600    HUNTINGTON                   DR","N/A",34.0852,-118.186
451,"800 W  131ST                        ST","N/A",33.9133,-118.289
452,"14100    TERRA BELLA                  ST","N/A",34.2425,-118.44
453,"2300    BELLEVUE                     AV","N/A",34.074,-118.269
454,"4400 N  SEPULVEDA                    BL","N/A",34.15,-118.467
455,"7000    BELLAIRE                     AV","N/A",34.1976,-118.409
456,"REEVES                       ST","CASHIO                       ST",34.0525,-118.396
457,"1900 W  73RD                         ST","N/A",33.9737,-118.311
458,"7TH","TOWNE",34.0396,-118.245
459,"700 W  27TH                         ST","N/A",34.0278,-118.278
460,"15200    ROSCOE                       BL","N/A",34.2249,-118.464
461,"14400    OXNARD                       ST","N/A",34.1794,-118.447
462,"GLENOAKS                     BL","PAXTON                       ST",34.2797,-118.418
463,"1100 S  CORNING                      ST","N/A",34.0572,-118.377
464,"KLUMP","AQUA VISTA",34.145,-118.376
465,"SUNSET                       BL","IVAR                         AV",34.098,-118.329
466,"500 W  CENTURY                      BL","N/A",33.9456,-118.283
467,"3300    WILSHIRE                     BL","N/A",34.0636,-118.296
468,"1600 N  LAS PALMAS                   AV","N/A",34.0997,-118.336
469,"11500    SANTINI                      LN","N/A",34.2808,-118.588
470,"FLOWER","WILSHIRE",34.0494,-118.258
471,"3900    URSULA                       AV","N/A",34.0163,-118.352
472,"100 N  KILKEA                       DR","N/A",34.0743,-118.367
473,"7800    VAN NUYS                     BL","N/A",34.212,-118.449
474,"13700    FENTON                       AV","N/A",34.3209,-118.435
475,"MELROSE                      AV","KILKEA                       DR",34.0838,-118.367
476,"4900    LA CALANDRIA                 DR","N/A",34.0719,-118.178
477,"4300 W  OLYMPIC                      BL","N/A",34.055,-118.326
478,"CATALINA                     ST","N  3RD                          ST",34.0691,-118.295
479,"600 E  56TH                         ST","N/A",33.9916,-118.265
480,"2200 S  MANSFIELD                    AV","N/A",34.0375,-118.35
481,"800 E  4TH                          PL","N/A",34.0445,-118.237
482,"1800 S  MANSFIELD                    AV","N/A",34.0427,-118.348
483,"20200    KESWICK                      ST","N/A",34.2096,-118.573
484,"700 S  MISSION                      RD","N/A",34.0344,-118.226
485,"2300    CARMONA                      AV","N/A",34.0364,-118.363
486,"WILSHIRE                     BL","MARIPOSA                     AV",34.0618,-118.299
487,"400 S  CURSON                       AV","N/A",34.0691,-118.355
488,"5000    FAIR                         AV","N/A",34.1613,-118.375
489,"17500    KINGSBURY                    ST","N/A",34.2637,-118.515
490,"VENTURA                      BL","VAN NUYS                     BL",34.1509,-118.449
491,"300 S  LA BREA                      AV","N/A",34.0669,-118.346
492,"OSO","SHERMAN                      WY",34.2012,-118.575
493,"1100 E  42ND                         PL","N/A",34.0067,-118.257
494,"WASHINGTON                   BL","SANTA FE                     AV",34.0184,-118.23
495,"600 S  SPRING                       ST","N/A",34.046,-118.251
496,"1600 W  22ND                         ST","N/A",33.7249,-118.312
497,"300 S  OCCIDENTAL                   BL","N/A",34.0677,-118.282
498,"BELLAIRE","SATICOY",34.2069,-118.41
499,"39TH                         ST","BUDLONG                      AV",34.0155,-118.296
500,"WARING                       AV","N  ORANGE                       DR",34.0853,-118.342
501,"WOODMAN                      AV","OXNARD                       BL",34.1794,-118.431
502,"OXNARD                       ST","SEPULVEDA                    BL",34.1794,-118.466
503,"2800    LANCASTER                    AV","N/A",34.0571,-118.195
504,"S  ORLANDO                      AV","W  4TH                          ST",34.0713,-118.373
505,"1400    HAYWORTH                     AV","N/A",34.0517,-118.368
506,"1700 W  8TH                          ST","N/A",34.0529,-118.273
507,"4TH","MAIN                         ST",34.0485,-118.248
508,"VERMONT","84TH",33.9624,-118.291
509,"1800 S  POINT VIEW                   ST","N/A",34.0437,-118.372
510,"800 N  ALAMEDA                      ST","N/A",34.0563,-118.237
511,"6000    CADILLAC                     AV","N/A",34.0375,-118.374
512,"1400    VINE                         ST","N/A",34.0962,-118.327
513,"3900    EDGEHILL                     DR","N/A",34.0146,-118.331
514,"400 E  25TH                         ST","N/A",34.0244,-118.265
515,"11400    RIVERSIDE                    DR","N/A",34.1629,-118.385
516,"8500    MELVIN                       AV","N/A",34.2247,-118.56
517,"19900    SATICOY                      ST","N/A",34.2143,-118.567
518,"22300    SHERMAN                      WY","N/A",34.201,-118.613
519,"200 W  SLAUSON                      AV","N/A",33.9892,-118.276
520,"400 W  6TH                          ST","N/A",33.7388,-118.286
521,"8TH","WESTMORELAND",34.0578,-118.289
522,"5500    SMILEY                       DR","N/A",34.0294,-118.364
523,"BEVERLYWOOD                  ST","BEVERLYWOOD                  ST",34.036,-118.379
524,"500 N  VISTA                        ST","N/A",34.0803,-118.352
525,"1600 W  45TH                         ST","N/A",34.0028,-118.307
526,"1800    STONER                       AV","N/A",34.0394,-118.454
527,"VENTURA","VAN NUYS",34.1509,-118.449
528,"VICTORY                      BL","BALBOA                       BL",34.1866,-118.501
529,"2700    RIVERSIDE                    DR","N/A",34.1085,-118.261
530,"1600 W  6TH                          ST","N/A",34.057,-118.269
531,"10800    ASHBY                        AV","N/A",34.0375,-118.425
532,"94TH                         ST","VERMONT                      AV",33.951,-118.292
533,"18100    SUNBURST                     ST","N/A",34.2345,-118.529
534,"23300    HAYNES                       ST","N/A",34.1899,-118.634
535,"2100 S  PACIFIC                      AV","N/A",33.7243,-118.296
536,"2800    LEEWARD                      AV","N/A",34.0588,-118.284
537,"OWENSMOUTH                   AV","BASSETT                      ST",34.1956,-118.602
538,"6800 S  WESTERN                      AV","N/A",33.9778,-118.309
539,"900    MAHAR                        AV","N/A",33.7824,-118.246
540,"15800    VENTURA                      BL","N/A",34.1556,-118.478
541,"100 N  ROBERTSON                    BL","N/A",34.0753,-118.384
542,"5300    HUNTINGTON                   DR","N/A",34.0897,-118.167
543,"6300    COSTELLO                     AV","N/A",34.185,-118.438
544,"6700    MURIETTA                     AV","N/A",34.1917,-118.439
545,"1000    LAGUNA                       AV","N/A",34.0738,-118.258
546,"1600 W  83RD                         ST","N/A",33.9637,-118.305
547,"1500 W  81ST                         ST","N/A",33.9655,-118.302
548,"4700    WHITE OAK                    AV","N/A",34.1413,-118.506
549,"2600 S  GRAND                        AV","N/A",34.0265,-118.272
550,"6200 W  SUNSET                       BL","N/A",34.0998,-118.321
551,"15200    CANTLAY                      ST","N/A",34.2022,-118.465
552,"19000    NORDHOFF                     ST","N/A",34.2355,-118.547
553,"11400    DENVER                       AV","N/A",33.931,-118.285
554,"6200    TOPANGA CANYON               BL","N/A",34.1829,-118.606
555,"800 E  51ST                         ST","N/A",33.9966,-118.262
556,"6400    LAUREL CANYON                BL","N/A",34.1867,-118.396
557,"8400    SEPULVEDA                    BL","N/A",34.2231,-118.468
558,"10700    DE HAVEN                     AV","N/A",34.2642,-118.404
559,"GOLDEN GATE","SUNSET",34.092,-118.274
560,"4700 S  GRAMERCY                     PL","N/A",34.001,-118.314
561,"1700    CORINTH                      AV","N/A",34.0448,-118.448
562,"7TH","SPRING",34.0445,-118.252
563,"2600 S  VICTORIA                     AV","N/A",34.0326,-118.336
564,"8400    VAN NUYS                     BL","N/A",34.2232,-118.449
565,"19200    CANTARA                      ST","N/A",34.2193,-118.551
566,"100 E  3RD                          ST","N/A",34.0496,-118.246
567,"1600    ARMACOST                     AV","N/A",34.0403,-118.459
568,"PACIFIC                      AV","SEPULVEDA                    ST",33.7451,-118.288
569,"5500    KESTER                       AV","N/A",34.1703,-118.457
570,"4400    DON MIGUEL                   DR","N/A",34.0052,-118.352
571,"13700    MARINA POINTE                DR","N/A",33.9853,-118.444
572,"2100 W  CENTURY                      BL","N/A",33.9486,-118.309
573,"300 S  LAFAYETTE PARK               PL","N/A",34.0671,-118.281
574,"4700    LINCOLN                      BL","N/A",33.9805,-118.439
575,"21800    DE LA LUZ                    AV","N/A",34.1528,-118.601
576,"9800    SEPULVEDA                    BL","N/A",34.2482,-118.467
577,"FOOTHILL","SAYRE",34.3102,-118.434
578,"11700    SAN VICENTE                  BL","N/A",34.0579,-118.468
579,"VALERIO","KESTER",34.2048,-118.457
580,"MANHATTAN                    PL","S  OLYMPIC                      BL",34.0527,-118.31
581,"12700    HERRICK                      AV","N/A",34.3006,-118.447
582,"400 E  7TH                          ST","N/A",34.0421,-118.247
583,"8900    COLUMBUS                     AV","N/A",34.2319,-118.465
584,"GOWER                        ST","ROSEWOOD                     AV",34.079,-118.323
585,"3700    MILITARY                     AV","N/A",34.0168,-118.416
586,"400 W  2ND                          ST","N/A",33.7424,-118.286
587,"600 S  ALVARADO                     ST","N/A",34.0596,-118.275
588,"9700    LAUREL CANYON                BL","N/A",34.2459,-118.419
589,"7100    SEPULVEDA                    BL","N/A",34.1938,-118.47
590,"500 S  HILL                         ST","N/A",34.0488,-118.252
591,"POINT VIEW                   ST","WHITWORTH                    DR",34.0562,-118.368
592,"13300    NORRIS                       AV","N/A",34.3128,-118.466
593,"20500    DEVONSHIRE                   ST","N/A",34.2651,-118.582
594,"1700 S  LA CIENEGA                   BL","N/A",34.0495,-118.381
595,"6100    SEPULVEDA                    BL","N/A",34.1806,-118.466
596,"BEDFORD                      ST","WHITWORTH",34.0546,-118.381
597,"7400    FOOTHILL                     BL","N/A",34.2514,-118.293
598,"PICO                         BL","ELLSMERE",34.0496,-118.342
599,"800 W  ROSECRANS                    AV","N/A",33.9019,-118.289
600,"8700 S  SAN PEDRO                    ST","N/A",33.9591,-118.27
601,"6600    ALCOVE                       AV","N/A",34.1904,-118.413
602,"7TH                          ST","CROCKER                      ST",34.0401,-118.246
603,"14600    SATICOY                      ST","N/A",34.2085,-118.45
604,"1600    CIMARRON                     ST","N/A",34.0436,-118.315
605,"10000    DENVER                       AV","N/A",33.9455,-118.285
606,"1100    NORTON                       AV","N/A",34.0516,-118.322
607,"3300    BAGLEY                       AV","N/A",34.0314,-118.396
608,"1000 S  FLOWER                       ST","N/A",34.0444,-118.263
609,"4200    DENKER                       AV","N/A",34.0073,-118.311
610,"VAN NUYS                     BL","BURBANK                      BL",34.1721,-118.449
611,"7700    BAIRD                        AV","N/A",34.2102,-118.538
612,"PALOMA","PICO",34.0303,-118.248
613,"600 E  25TH                         ST","N/A",34.0235,-118.263
614,"ANAHEIM","BROAD",33.7801,-118.261
615,"3600    CRENSHAW                     BL","N/A",34.0278,-118.338
616,"12000    LUCILE                       ST","N/A",33.9856,-118.407
617,"11900    ALLIN                        ST","N/A",33.992,-118.412
618,"200 W  52ND                         ST","N/A",33.9956,-118.276
619,"GLENDALE                     BL","RESERVOIR                    ST",34.0782,-118.26
620,"2600 S  MANSFIELD                    AV","N/A",34.0325,-118.352
621,"7300    KELVIN                       AV","N/A",34.2029,-118.586
622,"5800    CANOGA                       AV","N/A",34.1754,-118.597
623,"7TH","HILL",34.0525,-118.243
624,"6100 S  HARVARD                      BL","N/A",33.9846,-118.307
625,"5500    HAZELTINE                    AV","N/A",34.1704,-118.44
626,"5500    HAROLD                       WY","N/A",34.0994,-118.309
627,"21200    TULSA                        ST","N/A",34.2675,-118.594
628,"5100    ROSELAND                     ST","N/A",34.0274,-118.354
629,"15100    PARTHENIA                    ST","N/A",34.2283,-118.461
630,"FOOTHILL                     BL","MARNICE                      AV",34.2454,-118.274
631,"7500    HALLDALE                     AV","N/A",33.9718,-118.302
632,"3200    EASTLAKE                     AV","N/A",34.0697,-118.208
633,"1300    BATES                        AV","N/A",34.0958,-118.282
634,"13400    FOOTHILL                     BL","N/A",34.3033,-118.426
635,"7600 S  FIGUEROA                     ST","N/A",33.9708,-118.283
636,"1700 E  107TH                        ST","N/A",33.9387,-118.243
637,"2600 S  FIGUEROA                     ST","N/A",34.0282,-118.276
638,"7200 W  MANCHESTER                   AV","N/A",33.9598,-118.421
639,"SEPULVEDA","HOWARD                       WY",33.9575,-118.392
640,"3500 S  BENTLEY                      AV","N/A",34.02,-118.421
641,"2600 W  SUNSET                       BL","N/A",34.0808,-118.266
642,"600    SANTA CLARA                  AV","N/A",33.9925,-118.466
643,"7900    VENTURA CANYON               AV","N/A",34.2138,-118.429
644,"2300    MERTON                       AV","N/A",34.138,-118.216
645,"7100    WOODMAN                      AV","N/A",34.1994,-118.431
646,"1300    5TH                          AV","N/A",34.0474,-118.323
647,"400 N  HIGHLAND                     AV","N/A",34.0783,-118.339
648,"6400    WINNETKA                     AV","N/A",34.1857,-118.571
649,"BRINGHAM","GORHAM",34.0551,-118.463
650,"6200    HOLLYWOOD                    BL","N/A",34.1017,-118.325
651,"1800 N  LA BREA                      AV","N/A",34.1037,-118.346
652,"13500    PAXTON                       ST","N/A",34.2734,-118.427
653,"800 W  51ST                         ST","N/A",33.9965,-118.287
654,"4700    CRYSTAL SPRINGS              DR","N/A",34.1516,-118.286
655,"800 N  AVENUE 50","N/A",34.118,-118.218
656,"300 S  HEWITT                       ST","N/A",34.0454,-118.236
657,"1200 W  35TH                         ST","N/A",34.0242,-118.295
658,"200 W  10TH                         ST","N/A",33.7351,-118.281
659,"5400    COMPTON                      AV","N/A",33.9939,-118.248
660,"400 W  78TH                         ST","N/A",33.9689,-118.281
661,"100 S  WESTMORELAND                 AV","N/A",34.0735,-118.288
662,"18700    VALERIO                      ST","N/A",34.2048,-118.541
663,"CORBIN                       AV","TOPHAM                       ST",34.184,-118.562
664,"200 W  14TH                         ST","N/A",34.0361,-118.263
665,"8200    LULLABY                      LN","N/A",34.2196,-118.445
666,"6600    TOPANGA CANYON               BL","N/A",34.1905,-118.606
667,"S  GRAND                        AV","W  PICO                         BL",34.0389,-118.264
668,"2500    GRAYSBY                      AV","N/A",33.7245,-118.317
669,"7000 S  HOOVER                       ST","N/A",33.9761,-118.287
670,"500 W  127TH                        ST","N/A",33.9176,-118.283
671,"SUNSET","3RD",33.9955,-118.475
672,"1200 S  FLOWER                       ST","N/A",34.0415,-118.265
673,"600 W  IMPERIAL                     HY","N/A",33.931,-118.285
674,"1400    CONSTANCE                    ST","N/A",34.0435,-118.279
675,"10600 S  GRAND                        AV","N/A",33.9401,-118.281
676,"100 W  76TH                         ST","N/A",33.9708,-118.274
677,"1100 W  VERNON                       AV","N/A",34.0073,-118.298
678,"1800 S  SYCAMORE                     AV","N/A",34.0433,-118.35
679,"6200 S  VERMONT                      AV","N/A",33.9833,-118.291
680,"3400 W  43RD                         ST","N/A",34.006,-118.331
681,"8000    CANBY                        AV","N/A",34.2157,-118.535
682,"18600    SHERMAN                      WY","N/A",34.2048,-118.54
683,"8600 S  CENTRAL                      AV","N/A",33.9602,-118.256
684,"VIRGIL                       AV","5TH                          AV",34.0652,-118.287
685,"62ND                         ST","BROADWAY",33.9833,-118.278
686,"5200    WILSHIRE                     BL","N/A",34.0622,-118.343
687,"OLYMPIC                      BL","GRANVILLE                    AV",34.0332,-118.45
688,"6300    CANOGA                       AV","N/A",34.1829,-118.598
689,"12100    SAN FERNANDO                 RD","N/A",34.2913,-118.45
690,"7600    WINNETKA                     AV","N/A",34.212,-118.575
691,"VAN NUYS","ARMINTA",34.2134,-118.449
692,"8TH                          ST","BIXEL",34.0483,-118.263
693,"18400    HATTERAS                     ST","N/A",34.1775,-118.534
694,"6400    FALLBROOK                    AV","N/A",34.1883,-118.627
695,"2300 W  AVENUE 33","N/A",34.1164,-118.233
696,"4500    AUGUST                       ST","N/A",34.016,-118.347
697,"100    WORLD                        WY","N/A",33.9451,-118.403
698,"2100 S  RIMPAU                       BL","N/A",34.0372,-118.344
699,"600 W  28TH                         ST","N/A",34.0261,-118.277
700,"11000    MAGNOLIA                     BL","N/A",34.1667,-118.37
701,"8TH","MAPLE",34.0408,-118.251
702,"7TH","GLADYS",34.0491,-118.256
703,"600 W  41ST                         ST","N/A",34.0097,-118.284
704,"19200    STARE                        ST","N/A",34.2529,-118.552
705,"1000    GLENDON                      AV","N/A",34.0625,-118.444
706,"9000    ORION                        AV","N/A",34.2338,-118.472
707,"NORDHOFF                     ST","TAMPA                        AV",34.2355,-118.554
708,"100 N  NEW HAMPSHIRE                AV","N/A",34.0727,-118.293
709,"14600 S  DENVER                       AV","N/A",33.8996,-118.284
710,"GLENDALE                     BL","ROWENA                       AV",34.1072,-118.263
711,"5100    YORK                         BL","N/A",34.1211,-118.205
712,"BREED","CHAVEZ",34.0512,-118.209
713,"5200 S  NORMANDIE                    AV","N/A",33.9951,-118.3
714,"5200    RIVERTON                     AV","N/A",34.1649,-118.365
715,"3800    BLUE CANYON                  DR","N/A",34.1374,-118.386
716,"800    ACADEMY                      RD","N/A",34.0828,-118.237
717,"11900    STAGG                        ST","N/A",34.2121,-118.392
718,"4500    ALAMEDA","N/A",33.9987,-118.239
719,"6800    COLDWATER CANYON             AV","N/A",34.1936,-118.417
720,"8600    BELLANCA                     AV","N/A",33.9599,-118.381
721,"1000    MYRA                         AV","N/A",34.0896,-118.285
722,"1000 W  21ST                         ST","N/A",33.7252,-118.299
723,"200    SILVER LAKE                  BL","N/A",34.0764,-118.287
724,"4200    LINDBLADE                    DR","N/A",33.9953,-118.421
725,"1500 W  PICO                         BL","N/A",34.0453,-118.274
726,"800 E  88TH                         PL","N/A",33.9583,-118.26
727,"20300    PLUMMER                      ST","N/A",34.2427,-118.576
728,"9900    VENICE                       BL","N/A",34.0233,-118.399
729,"8100    VANALDEN                     AV","N/A",34.2175,-118.549
730,"CHANDLER                     BL","LAUREL CANYON                BL",34.1687,-118.396
731,"1500    WILSHIRE                     BL","N/A",34.0546,-118.268
732,"7TH","SPRING",34.0449,-118.253
733,"6300    CANOGA                       AV","N/A",34.1865,-118.602
734,"1100    WATERLOO                     ST","N/A",34.0787,-118.267
735,"700 E  88TH                         PL","N/A",33.9583,-118.26
736,"1400    228TH                        ST","N/A",33.819,-118.301
737,"2900    LOS FELIZ                    BL","N/A",34.1265,-118.263
738,"56TH                         ST","FIGUEROA",33.9915,-118.283
739,"600 W  82ND                         ST","N/A",33.9661,-118.285
740,"5700    CRENSHAW                     BL","N/A",33.9909,-118.331
741,"WALL","WASHINGTON",34.029,-118.26
742,"6400    VALLEY CIRCLE                BL","N/A",34.1864,-118.656
743,"12700    GAULT                        ST","N/A",34.1994,-118.41
744,"11100    AQUA VISTA                   ST","N/A",34.145,-118.372
745,"SATICOY","RESEDA",34.2084,-118.536
746,"9000    RINCON                       AV","N/A",34.2326,-118.403
747,"FIGUEROA","103RD                        ST",33.9431,-118.283
748,"SYCAMORE                     TR","FIGUEROA                     ST",34.1051,-118.211
749,"8700    TOBIAS                       AV","N/A",34.2279,-118.452
750,"800 S  GRAMERCY                     DR","N/A",34.0581,-118.312
751,"KINGSLEY                     DR","5TH                          ST",34.0654,-118.303
752,"10000    COMANCHE                     AV","N/A",34.2519,-118.572
753,"300 S  HOBART                       BL","N/A",34.069,-118.305
754,"100 N  BENTON                       WY","N/A",34.0699,-118.278
755,"1700 W  VERNON                       AV","N/A",34.0037,-118.309
756,"10500    WEIGAND                      AV","N/A",33.9406,-118.23
757,"7100    ALCOVE                       AV","N/A",34.1992,-118.413
758,"HOPE                         ST","CAMERON",34.0391,-118.266
759,"400 S  BROADWAY","N/A",34.0495,-118.249
760,"2400    SAWTELLE                     BL","N/A",34.0346,-118.438
761,"1000    WILSHIRE                     BL","N/A",34.052,-118.262
762,"13600    SHERMAN                      WY","N/A",34.2012,-118.429
763,"98TH","BROADWAY",33.9474,-118.278
764,"4000    NICOLET                      AV","N/A",34.0171,-118.353
765,"7700 S  BROADWAY","N/A",33.9693,-118.285
766,"400 E  42ND                         PL","N/A",34.0078,-118.264
767,"1500    GRANVILLE                    AV","N/A",34.0429,-118.458
768,"2500    HILLCREST                    DR","N/A",34.0332,-118.342
769,"5300 W  8TH                          ST","N/A",34.0633,-118.347
770,"5600    HAROLD                       WY","N/A",34.0993,-118.311
771,"1000    SEWARD                       ST","N/A",34.0889,-118.333
772,"6800    CANBY                        AV","N/A",34.1939,-118.535
773,"WASHINGTON                   BL","BROADWAY",34.0316,-118.266
774,"9300    TAMPA                        AV","N/A",34.244,-118.558
775,"4100 S  HOBART                       BL","N/A",34.0093,-118.308
776,"11600    TEXAS                        AV","N/A",34.0483,-118.457
777,"7200    WHITSETT                     AV","N/A",34.2012,-118.405
778,"4600    WADSWORTH                    AV","N/A",34.0018,-118.259
779,"100 N  WESTMORELAND                 AV","N/A",34.0735,-118.288
780,"700 W  182ND                        ST","N/A",33.8698,-118.286
781,"17000    BURBANK                      BL","N/A",34.1723,-118.503
782,"5700    COLUMBUS                     AV","N/A",34.1744,-118.464
783,"100 S  MARIPOSA                     AV","N/A",34.0728,-118.299
784,"12800    VENTURA                      BL","N/A",34.1448,-118.412
785,"7700    SIMPSON                      AV","N/A",34.2108,-118.389
786,"7300 S  WESTERN                      AV","N/A",33.9737,-118.309
787,"20700    ROSCOE                       BL","N/A",34.22,-118.584
788,"900 W  8TH                          ST","N/A",34.0479,-118.261
789,"600 W  12TH                         ST","N/A",33.7334,-118.29
790,"2100 S  SYCAMORE                     AV","N/A",34.0391,-118.352
791,"1600 N  LA BREA                      AV","N/A",34.1007,-118.349
792,"1800 N  NEW HAMPSHIRE                AV","N/A",34.1036,-118.293
793,"1500 W  JEFFERSON                    BL","N/A",34.0273,-118.302
794,"116TH                        ST","AVALON                       BL",33.9292,-118.265
795,"2800    HURON                        ST","N/A",34.0855,-118.222
796,"S  HOOVER                       ST","S  ALVARADO                     ST",34.0452,-118.284
797,"BOYD                         ST","WALL                         ST",34.0472,-118.244
798,"13100    VAN NUYS                     BL","N/A",34.2689,-118.418
799,"700 W  75TH                         ST","N/A",33.9717,-118.286
800,"500 W  COLLEGE                      ST","N/A",34.0644,-118.239
801,"1900    7TH                          AV","N/A",34.0399,-118.325
802,"5400    ZELZAH                       AV","N/A",34.1686,-118.522
803,"12200    VAN NUYS                     BL","N/A",34.2833,-118.398
804,"STRATHERN                    ST","SHERMAN                      WY",34.2047,-118.599
805,"5800    SEPULVEDA                    BL","N/A",34.1758,-118.466
806,"WILL ROGERS                  ST","WESTCHESTER                  PY",33.9575,-118.392
807,"S  WESTERN                      AV","W  VERNON                       AV",34.0037,-118.309
808,"BONNIE BRAE                  ST","6TH                          ST",34.0585,-118.272
809,"15300    VENTURA                      BL","N/A",34.1564,-118.463
810,"2900 S  NORMANDIE                    AV","N/A",34.0291,-118.3
811,"1900 S  SAN PEDRO                    ST","N/A",34.0277,-118.257
812,"5900    YORK                         BL","N/A",34.1184,-118.191
813,"2200 W  6TH                          ST","N/A",34.0601,-118.276
814,"4600    SAN VICENTE                  BL","N/A",34.0475,-118.337
815,"SAWTELLE","HAVELOCK",33.9989,-118.406
816,"800 W  SEPULVEDA                    ST","N/A",33.7456,-118.295
817,"1ST                          ST","EVERGREEN",34.0404,-118.202
818,"5300    CALATRANA                    DR","N/A",34.1663,-118.604
819,"11800    DARLINGTON                   AV","N/A",34.0512,-118.466
820,"HOLLYWOOD                    BL","HOLLYWOOD                    BL",34.1016,-118.333
821,"1500 S  WILTON                       PL","N/A",34.0454,-118.314
822,"7100    HAYVENHURST                  AV","N/A",34.1993,-118.492
823,"14900    RAYMER                       ST","N/A",34.2131,-118.458
824,"2600    CHARL                        PL","N/A",34.1199,-118.388
825,"GEORGIA                      ST","WASHINGTON                   BL",34.0353,-118.274
826,"1000 S  WESTLAKE                     AV","N/A",34.0512,-118.279
827,"1800    ARLINGTON                    AV","N/A",34.0409,-118.318
828,"15100    HESBY                        ST","N/A",34.1622,-118.462
829,"SAN VICENTE                  BL","PICO                         BL",34.0485,-118.339
830,"6200    BECK                         AV","N/A",34.1831,-118.383
831,"800 S  HOPE                         ST","N/A",34.0466,-118.259
832,"400 S  FAIRFAX                      AV","N/A",34.0665,-118.366
833,"5900 W  74TH                         ST","N/A",33.9736,-118.386
834,"00    KETCH                        ST","N/A",33.9735,-118.462
835,"00    WASHINGTON                   BL","N/A",33.9794,-118.466
836,"2400    LINCOLN                      BL","N/A",33.9937,-118.452
837,"200 W  79TH                         ST","N/A",33.9713,-118.274
838,"2300 W  PICO                         BL","N/A",34.0473,-118.286
839,"8400    NORRIS                       AV","N/A",34.2239,-118.367
840,"1100 S  HOPE                         ST","N/A",34.0414,-118.264
841,"900 N  WESTERN                      AV","N/A",34.0864,-118.309
842,"17000    CHATSWORTH                   ST","N/A",34.2684,-118.515
843,"5200    4TH                          AV","N/A",33.995,-118.321
844,"400 N  AVALON                       BL","N/A",33.7742,-118.262
845,"2500    CHELSEA                      ST","N/A",34.0565,-118.201
846,"300 E  82ND                         ST","N/A",33.9647,-118.27
847,"600    GAYLEY                       AV","N/A",34.0626,-118.449
848,"6800    PARK                         TR","N/A",33.9756,-118.392
849,"12500    OXNARD                       ST","N/A",34.1794,-118.406
850,"200 E  5TH                          ST","N/A",34.0461,-118.246
851,"3700    CAHUENGA                     BL","N/A",34.1499,-118.364
852,"W  PICO                         BL","S  BURNSIDE                     AV",34.0484,-118.355
853,"400 W  7TH                          ST","N/A",33.7347,-118.284
854,"1400 S  SALTAIR                      AV","N/A",34.0428,-118.464
855,"7900    OCEANUS                      DR","N/A",34.1115,-118.367
856,"1200 S  GAFFEY                       ST","N/A",33.7334,-118.292
857,"13300 S  FIGUEROA                     ST","N/A",33.9113,-118.283
858,"300 N  BRONSON                      AV","N/A",34.0762,-118.318
859,"N  FULLER                       AV","WARING                       AV",34.0853,-118.35
860,"1200 S  GRAND                        AV","N/A",34.0402,-118.263
861,"2300 S  COCHRAN                      AV","N/A",34.0371,-118.357
862,"11000    HESBY                        ST","N/A",34.1621,-118.371
863,"5100 S  HUNTINGTON                   DR","N/A",34.0865,-118.165
864,"11800    FOOTHILL                     BL","N/A",34.2772,-118.398
865,"1400 W  20TH                         ST","N/A",34.0382,-118.287
866,"23400    HAMLIN                       ST","N/A",34.1891,-118.637
867,"7400    HASKELL                      AV","N/A",34.2074,-118.479
868,"200 E  15TH                         ST","N/A",34.0337,-118.261
869,"3500    KEYSTONE                     AV","N/A",34.0238,-118.41
870,"3300 W  3RD                          ST","N/A",34.069,-118.288
871,"PICO","WESTLAKE",34.0469,-118.282
872,"5700    LA MIRADA                    AV","N/A",34.0938,-118.314
873,"4500 W  PICO                         BL","N/A",0.0,0.0
874,"9400    BANDERA                      ST","N/A",33.951,-118.24
875,"3700 W  9TH                          ST","N/A",34.0559,-118.311
876,"8000    WILKINSON                    AV","N/A",34.2158,-118.404
877,"2000 N  COMMONWEALTH                 AV","N/A",34.1096,-118.288
878,"6500 S  VICTORIA                     AV","N/A",33.9806,-118.332
879,"500 S  PARK VIEW                    ST","N/A",34.0632,-118.277
880,"400 S  VIRGIL                       AV","N/A",34.0667,-118.287
881,"400 N  CHICAGO                      ST","N/A",34.0502,-118.209
882,"23100    COLLINS                      ST","N/A",34.1738,-118.63
883,"10200    SANTA MONICA                 BL","N/A",34.06,-118.42
884,"300 W  74TH                         ST","N/A",33.9728,-118.278
885,"9100    BARING CROSS                 AV","N/A",33.9542,-118.289
886,"14600    GAULT                        ST","N/A",34.1994,-118.451
887,"700 W  113TH                        ST","N/A",33.9322,-118.287
888,"5700    VAN NUYS                     BL","N/A",34.174,-118.449
889,"22800    VICTORY                      BL","N/A",34.1864,-118.623
890,"10900    BURNET                       AV","N/A",34.2671,-118.462
891,"8700    SPARTON                      AV","N/A",34.229,-118.432
892,"1400 N  BENTON                       WY","N/A",34.0837,-118.268
893,"21200    KITTRIDGE                    ST","N/A",34.1913,-118.594
894,"WOODMAN","WEDDINGTON",34.1667,-118.431
895,"2700 S  WESTERN                      AV","N/A",34.0282,-118.313
896,"FOOTHILL                     BL","YARNELL                      ST",34.3213,-118.479
897,"11900    MAYFIELD                     AV","N/A",34.0493,-118.467
898,"19300    VICTORY                      BL","N/A",34.1866,-118.553
899,"10500    FERNGLEN                     AV","N/A",34.2596,-118.294
900,"11400    MISSOURI                     AV","N/A",34.0414,-118.447
901,"400 S  FIGUEROA                     ST","N/A",34.0533,-118.256
902,"2400 S  ROBERTSON                    BL","N/A",34.04,-118.388
903,"5100    LAUREL CANYON                BL","N/A",34.1613,-118.401
904,"HOLLYWOOD","HIGHLAND",34.1016,-118.339
905,"900    HELIOTROPE                   DR","N/A",34.0881,-118.295
906,"4500    SAINT CHARLES                PL","N/A",34.0443,-118.336
907,"7800    BELLAIRE                     AV","N/A",34.2127,-118.411
908,"4300    7TH                          AV","N/A",34.0072,-118.32
909,"CESAR E CHAVEZ","FIGUEROA",34.0627,-118.246
910,"12100 W  PICO                         BL","N/A",34.0341,-118.452
911,"GLENOAKS                     BL","FILMORE                      ST",34.2767,-118.415
912,"2000 S  BUNDY                        DR","N/A",34.0339,-118.455
913,"57TH                         ST","SAN PEDRO                    ST",33.9907,-118.27
914,"7000 N  SEPULVEDA                    BL","N/A",34.1938,-118.47
915,"8400    WILLOUGHBY                   AV","N/A",34.0871,-118.373
916,"3700    WILSHIRE                     BL","N/A",34.0636,-118.305
917,"6700    SYLMAR                       AV","N/A",34.1923,-118.447
918,"400    HAUSER                       BL","N/A",34.0673,-118.35
919,"14500    FOOTHILL                     BL","N/A",34.3227,-118.45
920,"ROWENA","GRIFFITH PARK",34.111,-118.277
921,"7000    RESEDA                       BL","N/A",34.1958,-118.54
922,"7300    LANKERSHIM                   BL","N/A",34.2045,-118.392
923,"12700    ENCINITAS                    AV","N/A",34.3007,-118.475
924,"6600    CLEON                        AV","N/A",34.1904,-118.368
925,"1700    ORCHID                       AV","N/A",34.103,-118.34
926,"11000    STRATHMORE                   DR","N/A",34.0678,-118.451
927,"1400 W  49TH                         ST","N/A",33.9992,-118.3
928,"300 E  1ST                          ST","N/A",34.0502,-118.241
929,"7300    TUJUNGA                      AV","N/A",34.203,-118.379
930,"VICTORY                      BL","RESEDA                       BL",34.1866,-118.536
931,"1700 W  1ST                          ST","N/A",33.7439,-118.314
932,"PICO                         BL","BONNIE BRAE                  ST",34.0506,-118.277
933,"7000 S  MAIN                         ST","N/A",33.9786,-118.276
934,"22ND                         ST","HOOPER                       AV",34.0104,-118.254
935,"11400 W  BELLAGIO                     RD","N/A",34.079,-118.465
936,"17100    SATICOY                      ST","N/A",34.2084,-118.506
937,"ADAMS","FIGUEROA",34.0276,-118.275
938,"1400 W  35TH                         PL","N/A",34.0237,-118.3
939,"101ST                        ST","OLIVE                        ST",33.9446,-118.279
940,"74TH                         ST","VERMONT",33.9727,-118.292
941,"6800    VAN NUYS                     BL","N/A",34.1976,-118.457
942,"5900    BUDLONG                      AV","N/A",33.9875,-118.296
943,"3200    GRANADA                      ST","N/A",34.0959,-118.229
944,"100 E  92ND                         ST","N/A",33.9529,-118.274
945,"1000    ECHO PARK                    AV","N/A",34.0741,-118.259
946,"MAIN                         ST","WINSTON                      ST",34.0476,-118.248
947,"500 N  CURSON                       AV","N/A",34.0802,-118.355
948,"2500 S  LA BREA                      AV","N/A",34.0333,-118.351
949,"7200    VALJEAN                      AV","N/A",34.2077,-118.491
950,"3800    FLOWER                       DR","N/A",34.014,-118.282
951,"15300    VANOWEN                      ST","N/A",34.1939,-118.467
952,"900 W  28TH                         ST","N/A",34.0283,-118.282
953,"6TH                          ST","E  SPRING                       ST",34.0488,-118.25
954,"100 N  ARBOLES                      CT","N/A",33.744,-118.282
955,"8500    BURNET                       AV","N/A",34.2246,-118.463
956,"VANOWEN                      ST","FALLBROOK                    AV",34.1937,-118.623
957,"6100    WILSHIRE                     BL","N/A",34.063,-118.361
958,"200 N  BEAUDRY                      AV","N/A",34.0613,-118.253
959,"6900    CANOGA                       AV","N/A",34.1956,-118.598
960,"2900    HAUSER                       BL","N/A",34.0271,-118.365
961,"1000 S  ALBANY                       ST","N/A",34.0475,-118.271
962,"6000    VAN NUYS                     BL","N/A",34.1747,-118.444
963,"8800 S  BROADWAY","N/A",33.9574,-118.278
964,"MARINA                       FY","LINCOLN",33.9876,-118.449
965,"700 S  BIXEL                        ST","N/A",34.0507,-118.264
966,"600 S  SAN PEDRO                    ST","N/A",34.0421,-118.247
967,"100 W  83RD                         ST","N/A",33.9642,-118.274
968,"11200    WESTMINSTER                  AV","N/A",34.0169,-118.424
969,"2000 S  OAK                          ST","N/A",34.0348,-118.279
970,"16400    LAHEY                        ST","N/A",34.2728,-118.489
971,"700 S  SERRANO                      AV","N/A",34.0577,-118.307
972,"18700    NAPA                         ST","N/A",34.2264,-118.543
973,"1800 S  WESTERN                      AV","N/A",34.0418,-118.313
974,"200 N  AVENUE 25","N/A",34.078,-118.218
975,"7200    ALLOTT                       AV","N/A",34.2012,-118.428
976,"TAMPA                        AV","VANOWEN                      ST",34.1938,-118.553
977,"4000    TRACY                        ST","N/A",34.1083,-118.279
978,"GILMORE                      ST","SYLMAR                       AV",34.1876,-118.447
979,"S  GRAMERCY                     PL","W  6TH                          ST",34.0635,-118.313
980,"1100    MAPLE                        AV","N/A",34.0369,-118.255
981,"15200    MARSON                       ST","N/A",34.2155,-118.464
982,"5700 S  GRAMERCY                     PL","N/A",33.9896,-118.314
983,"1400 W  SUMMERLAND                   AV","N/A",33.747,-118.307
984,"14000    ASTORIA                      ST","N/A",34.3123,-118.438
985,"50TH                         ST","AVALON",33.9976,-118.265
986,"1900    ESTRELLA                     AV","N/A",34.0336,-118.276
987,"12800    MACLAY                       ST","N/A",34.3039,-118.413
988,"15200 W  VENTURA                      BL","N/A",34.1535,-118.464
989,"53RD                         ST","VERMONT                      AV",33.9941,-118.291
990,"1600 W  36TH                         PL","N/A",34.0219,-118.308
991,"3800 S  WESTERN                      AV","N/A",34.0146,-118.313
992,"4000    REDWOOD                      AV","N/A",33.9906,-118.439
993,"7100 N  SEPULVEDA                    BL","N/A",34.1993,-118.466
994,"1200 E  6TH                          ST","N/A",34.0382,-118.238
995,"3700    VERDUGO                      RD","N/A",34.1169,-118.233
996,"4100    ROSEWOOD                     AV","N/A",34.079,-118.294
997,"900 N  POINSETTIA                   PL","N/A",34.084,-118.355
998,"1000 S  GRAND                        AV","N/A",34.0421,-118.261
999,"800 N  LA BREA                      AV","N/A",34.0853,-118.344
1000,"200 W  60TH                         ST","N/A",33.9851,-118.277
1001,"ALVARADO","7TH",34.0569,-118.276
1002,"ZOO                          DR","VICTORY",34.1374,-118.294
1003,"9100    TAMPA                        AV","N/A",34.2355,-118.554
1004,"5700    ALLOTT                       AV","N/A",34.174,-118.428
1005,"500 W  83RD                         ST","N/A",33.9632,-118.283
1006,"300 W  92ND                         ST","N/A",33.9528,-118.279
1007,"11300    SHELDON                      ST","N/A",34.2497,-118.38
1008,"5300    ALMONT                       ST","N/A",34.0916,-118.166
1009,"11000    TELFAIR                      AV","N/A",34.27,-118.432
1010,"900 W  BLOOMWOOD                    RD","N/A",33.7587,-118.299
1011,"VINELAND","VICTORY",34.1867,-118.37
1012,"6900    WOODMAN                      AV","N/A",34.1958,-118.431
1013,"1100 N  MCCADDEN                     PL","N/A",0.0,0.0
1014,"HUDSON                       AV","HOLLYWOOD                    BL",34.0987,-118.334
1015,"20100    KESWICK                      ST","N/A",34.2096,-118.572
1016,"2800    HYDE PARK                    BL","N/A",33.9809,-118.324
1017,"S  LAKE                         ST","VALLEY                       ST",34.0653,-118.272
1018,"6200    CREBS                        AV","N/A",34.1839,-118.544
1019,"200 N  FIGUEROA                     ST","N/A",34.0601,-118.25
1020,"11400    SAN FERNANDO                 RD","N/A",34.2786,-118.436
1021,"18000    MEDLEY                       DR","N/A",34.1482,-118.526
1022,"6200 S  LA BREA                      AV","N/A",33.9818,-118.359
1023,"8600    COLUMBUS                     AV","N/A",34.2265,-118.465
1024,"200 W  84TH                         PL","N/A",33.9624,-118.276
1025,"800 W  64TH                         ST","N/A",33.981,-118.288
1026,"600 W  9TH                          ST","N/A",34.0451,-118.26
1027,"3700    AMESBURY                     RD","N/A",34.117,-118.279
1028,"00    HORIZON                      AV","N/A",33.9882,-118.474
1029,"HUMBOLDT","AVENUE 26",34.0797,-118.218
1030,"1100 W  I                            ST","N/A",33.7807,-118.276
1031,"15500    ROSCOE                       BL","N/A",34.2267,-118.47
1032,"5700    CORBETT                      ST","N/A",34.0248,-118.369
1033,"S  MAIN                         ST","W  41ST                         ST",34.0091,-118.274
1034,"4TH                          ST","FIGUEROA                     ST",34.0538,-118.256
1035,"4TH                          AV","S  WASHINGTON                   BL",34.0399,-118.321
1036,"400 E  92ND                         ST","N/A",33.9529,-118.267
1037,"1700 S  CABRILLO                     AV","N/A",33.7284,-118.295
1038,"200 W  93RD                         ST","N/A",33.956,-118.277
1039,"600    WILSHIRE                     BL","N/A",34.0481,-118.256
1040,"100 W  MANCHESTER                   AV","N/A",33.9601,-118.274
1041,"21000    GRESHAM                      ST","N/A",34.2306,-118.593
1042,"1400 S  SOTO                         ST","N/A",34.024,-118.22
1043,"4900 S  HOOVER                       ST","N/A",33.9995,-118.289
1044,"ORANGE","FOUNTAIN",34.0943,-118.342
1045,"100 W  112TH                        ST","N/A",33.933,-118.274
1046,"6200    SYLMAR                       AV","N/A",34.1837,-118.447
1047,"3800    WALL                         ST","N/A",34.0112,-118.272
1048,"17800    RAYMER                       ST","N/A",34.2269,-118.522
1049,"1300 S  HIGHLAND                     AV","N/A",34.0485,-118.343
1050,"1900    HILLHURST                    AV","N/A",34.1054,-118.287
1051,"3600    KALSMAN                      DR","N/A",34.0193,-118.375
1052,"2300    GATES                        ST","N/A",34.072,-118.206
1053,"BROOKS","7TH",33.9964,-118.466
1054,"1200    257TH                        ST","N/A",33.7909,-118.298
1055,"1900 S  GARTH                        AV","N/A",34.0407,-118.379
1056,"13300    TERRA BELLA                  ST","N/A",34.255,-118.423
1057,"SHATTO                       PL","6TH                          ST",34.0637,-118.29
1058,"800    VENICE                       BL","N/A",33.9903,-118.461
1059,"1800 W  12TH                         ST","N/A",34.0473,-118.278
1060,"7500    WHITSETT                     AV","N/A",34.2121,-118.402
1061,"1700 N  LA BREA                      AV","N/A",34.1016,-118.345
1062,"18TH                         ST","CRESCENT HEIGHTS",34.0441,-118.374
1063,"9900 S  MAIN                         ST","N/A",33.9462,-118.274
1064,"50TH                         AV","8TH                          AV",33.9978,-118.326
1065,"VERMONT                      AV","W  84TH                         ST",33.9624,-118.291
1066,"1000 W  84TH                         PL","N/A",33.9618,-118.292
1067,"98TH                         ST","MCKINLEY                     AV",33.9475,-118.261
1068,"11100    LA MAIDA                     ST","N/A",34.1587,-118.373
1069,"800    LACONIA                      BL","N/A",33.9169,-118.29
1070,"S  BROADWAY","W  78TH                         ST",33.9689,-118.278
1071,"6800    FOOTHILL                     BL","N/A",34.2476,-118.279
1072,"113TH                        ST","GRAHAM                       AV",33.9321,-118.243
1073,"700 N  ORLANDO                      AV","N/A",34.0836,-118.373
1074,"1200 S  FIGUEROA                     ST","N/A",34.0416,-118.267
1075,"100    SUNSET                       AV","N/A",33.9939,-118.477
1076,"21500    BURBANK                      BL","N/A",34.1733,-118.599
1077,"1000 S  WALKER                       AV","N/A",33.7338,-118.303
1078,"14200    VANOWEN                      ST","N/A",34.1976,-118.444
1079,"2400    GATES                        ST","N/A",34.0738,-118.206
1080,"7100    FORBES                       AV","N/A",34.1993,-118.499
1081,"6600    POLLARD                      ST","N/A",34.1177,-118.173
1082,"900 E  DENNI                        ST","N/A",33.7852,-118.252
1083,"1000 W  23RD                         ST","N/A",34.0341,-118.282
1084,"7200    CANBY                        AV","N/A",34.2012,-118.535
1085,"10000 N  SEPULVEDA                    BL","N/A",34.2539,-118.467
1086,"1800    OUTPOST                      DR","N/A",34.1041,-118.344
1087,"300 E  120TH                        ST","N/A",33.9237,-118.27
1088,"1300 W  22ND                         ST","N/A",34.036,-118.287
1089,"11600    HAMLIN                       ST","N/A",34.1885,-118.384
1090,"PARTHENIA                    ST","LANGDON                      AV",34.2283,-118.47
1091,"6600    FRANKLIN                     AV","N/A",34.1079,-118.334
1092,"700 S  NORMANDIE                    AV","N/A",34.0577,-118.3
1093,"9400    ROSLYNDALE                   AV","N/A",34.2406,-118.435
1094,"23RD                         ST","LONG BEACH                   AV",34.016,-118.243
1095,"5400    MORELLA                      AV","N/A",34.1687,-118.39
1096,"300 S  OXFORD                       AV","N/A",34.0671,-118.308
1097,"WEST                         BL","WASHINGTON                   BL",34.0431,-118.348
1098,"100 W  84TH                         PL","N/A",33.9623,-118.278
1099,"N  76TH                         ST","CIMARRON                     ST",33.9709,-118.316
1100,"13100    PSOMAS                       WY","N/A",34.0073,-118.453
1101,"400 S  MAIN                         ST","N/A",34.0478,-118.247
1102,"800 W  95TH                         ST","N/A",33.9501,-118.29
1103,"11000    HARTSOOK                     ST","N/A",34.1639,-118.373
1104,"MANCHESTER","SAN PEDRO",33.9401,-118.276
1105,"5100    WHITE OAK                    AV","N/A",34.1624,-118.519
1106,"1000 S  NORTON                       AV","N/A",34.0515,-118.322
1107,"S  FLOWER                       ST","W  31ST                         ST",34.0236,-118.277
1108,"W  3RD                          ST","FAIRFAX                      AV",34.0716,-118.361
1109,"500    SAN JULIAN                   ST","N/A",34.0429,-118.246
1110,"4100    DON FELIPE                   DR","N/A",34.0071,-118.347
1111,"5200    WILSHIRE                     BL","N/A",34.0622,-118.343
1112,"3600 W  59TH                         ST","N/A",33.9872,-118.336
1113,"2300    DUANE                        ST","N/A",34.0912,-118.262
1114,"800 E  118TH                        ST","N/A",33.9266,-118.26
1115,"AVALON","L                            ST",33.7867,-118.263
1116,"1700    WHITLEY                      AV","N/A",34.1016,-118.333
1117,"50TH                         ST","2ND                          AV",33.9922,-118.328
1118,"400 S  ALEXANDRIA                   AV","N/A",34.0654,-118.298
1119,"7400    LA TIJERA                    BL","N/A",33.9733,-118.388
1120,"600    CAMELOT                      DR","N/A",33.9583,-118.26
1121,"700 S  BERENDO                      ST","N/A",34.0582,-118.294
1122,"VERMONT                      AV","SLAUSON                      AV",33.9891,-118.291
1123,"TOPANGA CANYON","BURBANK",34.172,-118.606
1124,"21500    ROSCOE                       BL","N/A",34.2239,-118.602
1125,"MANSFIELD","VENICE",34.0455,-118.347
1126,"600    ISLAND                       AV","N/A",33.7769,-118.266
1127,"COLDWATER CA                 BL","SHERMAN                      WY",34.1936,-118.417
1128,"2300    YOSEMITE                     DR","N/A",34.1355,-118.217
1129,"1400 S  GRAMERCY                     PL","N/A",34.0463,-118.313
1130,"1800 N  ALEXANDRIA                   AV","N/A",34.1036,-118.298
1131,"1200    GLENDON                      AV","N/A",34.0582,-118.442
1132,"4200    CREED                        AV","N/A",34.0085,-118.327
1133,"1400 W  59TH                         PL","N/A",33.9867,-118.302
1134,"7100    KANSAS                       AV","N/A",33.9746,-118.294
1135,"9900 S  ALAMEDA                      ST","N/A",33.9466,-118.229
1136,"GOWER","FOUNTAIN",34.0944,-118.322
1137,"14200    KITTRIDGE                    ST","N/A",34.1907,-118.442
1138,"900 S  GRANDE VISTA                 AV","N/A",34.0279,-118.205
1139,"5200    SATSUMA                      AV","N/A",34.1649,-118.368
1140,"CENTRAL                      AV","93RD                         ST",33.9518,-118.255
1141,"50TH                         ST","BROADWAY                     ST",33.9974,-118.278
1142,"12800    KAMLOOPS                     ST","N/A",34.2554,-118.411
1143,"800 W  COLDEN                       AV","N/A",33.9491,-118.292
1144,"800 W  21ST                         ST","N/A",34.0349,-118.28
1145,"2000    VISTA DEL MAR                AV","N/A",34.1071,-118.324
1146,"13300    MULHOLLAND                   DR","N/A",34.1296,-118.422
1147,"2300 S  HOOVER                       ST","N/A",34.0348,-118.288
1148,"S  HOBART                       BL","W  8TH                          ST",34.0577,-118.305
1149,"500 W  MANCHESTER                   AV","N/A",33.9622,-118.285
1150,"100 S  SANTA FE                     AV","N/A",34.048,-118.233
1151,"500 W  EL SEGUNDO                   BL","N/A",33.9201,-118.287
1152,"00    ROSE                         AV","N/A",33.9946,-118.48
1153,"1500    PENMAR                       AV","N/A",34.0037,-118.458
1154,"20800 W  VENTURA                      BL","N/A",34.1664,-118.586
1155,"1600 W  39TH                         PL","N/A",34.0137,-118.309
1156,"8TH                          ST","BROADWAY",34.0437,-118.255
1157,"S  FIGUEROA                     ST","W  53RD                         ST",33.9942,-118.283
1158,"800    ALANDELE                     AV","N/A",34.0575,-118.359
1159,"100 N  SERRANO                      AV","N/A",34.0737,-118.307
1160,"200 S  PARK VIEW                    ST","N/A",34.0658,-118.275
1161,"ROSEWOOD","WESTERN",34.0793,-118.309
1162,"9100    ETON                         AV","N/A",34.2355,-118.594
1163,"700 N  LA CIENEGA                   BL","N/A",34.0839,-118.377
1164,"20900    ROSCOE                       BL","N/A",34.2199,-118.589
1165,"20400    SHERMAN                      WY","N/A",34.2011,-118.579
1166,"1000 N  VERMONT                      AV","N/A",34.0898,-118.292
1167,"20400    RUNNYMEDE                    ST","N/A",34.2059,-118.578
1168,"1100 S  BROADWAY","N/A",34.0389,-118.26
1169,"2700    CAHUENGA                     BL","N/A",34.1172,-118.338
1170,"4900 W  PICO                         BL","N/A",34.048,-118.344
1171,"1600 S  MANSFIELD                    AV","N/A",34.0455,-118.347
1172,"4500 W  PICO                         BL","N/A",34.0485,-118.333
1173,"5500    ALLAN                        ST","N/A",34.0865,-118.165
1174,"7500    BECKFORD                     AV","N/A",34.2065,-118.551
1175,"2800    VIA CABRILLO MARINA","N/A",33.7175,-118.283
1176,"11800 S  FIGUEROA                     ST","N/A",33.9274,-118.287
1177,"200 E  110TH                        ST","N/A",33.9357,-118.271
1178,"WILSHIRE","HARVARD",34.0617,-118.304
1179,"10800    OTSEGO                       ST","N/A",34.1626,-118.368
1180,"2800    CINCINNATI                   ST","N/A",34.0444,-118.2
1181,"SHERMAN","ETIWANDA",34.2012,-118.532
1182,"3300    GRANVILLE                    AV","N/A",34.0149,-118.434
1183,"1400    ALVARADO                     TR","N/A",34.045,-118.282
1184,"19700    PLUMMER                      ST","N/A",34.2427,-118.563
1185,"7300    HOLLYWOOD                    BL","N/A",34.1016,-118.35
1186,"3600    FARIS                        DR","N/A",34.0278,-118.4
1187,"7100    KENTWOOD                     AV","N/A",33.9778,-118.402
1188,"3100    HOLLYCREST                   DR","N/A",34.1277,-118.345
1189,"500 W  84TH                         ST","N/A",33.9622,-118.283
1190,"700 S  NEW HAMPSHIRE                AV","N/A",34.058,-118.293
1191,"5000 S  SLAUSON                      AV","N/A",33.9954,-118.41
1192,"1100 S  NORTON                       AV","N/A",34.0476,-118.324
1193,"FOOTHILL","CAMBRIA",34.3232,-118.452
1194,"300 S  DOHENY                       DR","N/A",34.0732,-118.39
1195,"CASWELL","FRANCES",33.9994,-118.435
1196,"8600    BELFORD                      AV","N/A",33.9593,-118.384
1197,"114TH","PARMELEE",33.9315,-118.25
1198,"400 S  DETROIT                      ST","N/A",34.0649,-118.345
1199,"10200 S  BROADWAY","N/A",33.9434,-118.278
1200,"17700    LASSEN                       ST","N/A",34.2504,-118.521
1201,"1200 W  3RD                          ST","N/A",34.0569,-118.258
1202,"1300 W  84TH                         ST","N/A",33.9625,-118.299
1203,"TEMPLE","BEAUDRY",34.0636,-118.252
1204,"TYRONE","BESSEMER",34.1809,-118.444
1205,"11800    ORCHARD                      AV","N/A",33.9237,-118.288
1206,"1700 W  MARTIN LUTHER KING JR        BL","N/A",34.0109,-118.309
1207,"7000    WHITSETT                     AV","N/A",34.198,-118.405
1208,"4700    COLUMBUS                     AV","N/A",34.156,-118.464
1209,"10400 S  CENTRAL                      AV","N/A",33.9415,-118.254
1210,"3800    EUREKA                       DR","N/A",34.1377,-118.374
1211,"600 W  VERNON                       AV","N/A",34.0037,-118.284
1212,"700 W  EL SEGUNDO                   BL","N/A",33.9201,-118.287
1213,"6100    LANKERSHIM                   BL","N/A",34.1817,-118.385
1214,"11600    PASO ROBLES                  AV","N/A",34.2811,-118.503
1215,"1100    LAKE                         ST","N/A",34.0029,-118.46
1216,"12100    VALLEYHEART                  DR","N/A",34.145,-118.398
1217,"13800    BALBOA                       BL","N/A",34.3217,-118.496
1218,"800 W  101ST                        ST","N/A",33.9446,-118.291
1219,"200 S  SERRANO                      AV","N/A",34.069,-118.307
1220,"3800    TRACY                        ST","N/A",34.106,-118.276
1221,"STONEHURST","ALLEGHENY",34.2428,-118.294
1222,"104TH                        ST","BROADWAY",33.9419,-118.278
1223,"800 S  GRETNA GREEN                 WY","N/A",34.0486,-118.473
1224,"COLDEN","MCKINLEY",33.9493,-118.261
1225,"CHANDLER","FAIR                         AV",34.1681,-118.374
1226,"9TH","BROADWAY",34.0419,-118.256
1227,"16500    PARTHENIA                    ST","N/A",0.0,0.0
1228,"BUDLONG                      AV","39TH                         ST",34.0155,-118.296
1229,"2600 S  WESTERN                      AV","N/A",34.034,-118.313
1230,"1800 W  49TH                         ST","N/A",33.999,-118.313
1231,"8500    WILLIS                       AV","N/A",34.2247,-118.455
1232,"1000 W  17TH                         ST","N/A",34.0398,-118.278
1233,"900 W  84TH                         ST","N/A",33.9624,-118.288
1234,"600 E  79TH                         ST","N/A",33.9674,-118.265
1235,"12200    DEHOUGNE                     ST","N/A",34.1958,-118.399
1236,"LINCOLN","LAKE",33.9989,-118.463
1237,"100 W  94TH                         ST","N/A",33.951,-118.274
1238,"3600 W  PICO                         BL","N/A",34.0495,-118.322
1239,"100 E  CENTURY                      BL","N/A",33.9456,-118.274
1240,"ROSCOE                       BL","SEPULVEDA                    BL",34.2214,-118.468
1241,"W  25TH                         ST","HOOVER                       ST",34.0336,-118.284
1242,"1400    AVENIDA DE CORTEZ","N/A",34.0728,-118.563
1243,"7100    SHOUP                        AV","N/A",34.1996,-118.615
1244,"83RD                         ST","FIGUEROA                     ST",33.9642,-118.283
1245,"VAN NUYS","GLENOAKS",34.2737,-118.412
1246,"6600    BALBOA                       BL","N/A",34.1908,-118.501
1247,"20700    VENTURA                      BL","N/A",34.1669,-118.584
1248,"11900 W  PICO                         BL","N/A",34.0301,-118.449
1249,"120TH                        ST","CENTRAL",33.9237,-118.254
1250,"10300    VENA                         AV","N/A",34.2573,-118.438
1251,"100 E  18TH                         ST","N/A",34.032,-118.263
1252,"20000    VENTURA                      BL","N/A",34.172,-118.568
1253,"00    WASHINGTON                   BL","N/A",33.9792,-118.467
1254,"4200    LYCEUM                       AV","N/A",0.0,0.0
1255,"400 E  AVENUE 28","N/A",34.0831,-118.209
1256,"2000 N  HIGHLAND                     AV","N/A",34.1069,-118.338
1257,"6900    VESPER                       AV","N/A",34.1961,-118.451
1258,"5500    KEOKUK                       AV","N/A",34.1719,-118.575
1259,"11000    ROSE                         AV","N/A",34.0224,-118.422
1260,"3700    COOLIDGE                     AV","N/A",34.0103,-118.425
1261,"800 W  50TH                         ST","N/A",33.9978,-118.291
1262,"8200    BEVERLY                      BL","N/A",34.0782,-118.369
1263,"W  42ND                         ST","S  HOOVER                       ST",34.0071,-118.287
1264,"5TH","HILL                         ST",34.0492,-118.253
1265,"100 E  3RD                          ST","N/A",34.0491,-118.246
1266,"3500 S  BRONSON                      AV","N/A",34.0244,-118.334
1267,"2400    EASTLAKE                     AV","N/A",34.0738,-118.208
1268,"2200    CORINTH                      AV","N/A",34.0372,-118.442
1269,"4000 S  BUDLONG                      AV","N/A",34.0099,-118.296
1270,"5800 N  FIGUEROA                     ST","N/A",34.1101,-118.192
1271,"8800    CEDROS                       AV","N/A",34.2265,-118.456
1272,"7000    HOLLYWOOD                    BL","N/A",34.1015,-118.342
1273,"10600 S  CENTRAL                      AV","N/A",33.9398,-118.261
1274,"1100    ROSALIND                     AV","N/A",34.0253,-118.213
1275,"GLENVILLE                    DR","AIRDROME                     ST",34.0507,-118.393
1276,"800 N  ALAMEDA                      ST","N/A",34.0561,-118.238
1277,"1200 S  GENESEE                      AV","N/A",34.0538,-118.362
1278,"700 E  47TH                         ST","N/A",34.0037,-118.261
1279,"3400    WHITTIER                     BL","N/A",34.0276,-118.201
1280,"5200    BLAKESLEE                    AV","N/A",34.1649,-118.372
1281,"700 S  UNION                        AV","N/A",34.0531,-118.274
1282,"3300    HUNTER                       ST","N/A",34.02,-118.206
1283,"S  AVENUE 20","MOZART                       ST",34.0703,-118.219
1284,"200    LINCOLN                      BL","N/A",34.0017,-118.469
1285,"MOORE                        ST","MATTESON                     AV",34.0167,-118.438
1286,"WESTERN                      BL","LEXINGTON                    ST",34.0929,-118.309
1287,"700 S  ALVARADO                     ST","N/A",34.056,-118.277
1288,"SHERMAN OAKS                 AV","VARDEN                       ST",34.1513,-118.469
1289,"10300    SANTA MONICA                 BL","N/A",34.0564,-118.426
1290,"21900    VENTURA                      BL","N/A",34.1685,-118.604
1291,"4800    YORK                         BL","N/A",34.1222,-118.211
1292,"CANBY                        AV","VANOWEN                      ST",34.19,-118.526
1293,"600 N  BUNKER HILL                  AV","N/A",34.0613,-118.245
1294,"21200    BURBANK                      BL","N/A",34.1733,-118.594
1295,"13600    SUNBURST                     ST","N/A",34.241,-118.43
1296,"STANFORD                     AV","E  83RD                         ST",33.9638,-118.263
1297,"15700    SAN JOSE                     ST","N/A",34.2609,-118.474
1298,"7400    LANKERSHIM                   BL","N/A",34.2045,-118.392
1299,"8200 S  SAN PEDRO                    ST","N/A",33.964,-118.274
1300,"5800    TUJUNGA                      AV","N/A",34.1758,-118.383
1301,"CRENSHAW                     BL","STOCKER",34.0088,-118.335
1302,"10000    OWENSMOUTH                   AV","N/A",34.252,-118.602
1303,"13600    MARINA POINTE                DR","N/A",33.9849,-118.445
1304,"22400    MAYCOTTE                     RD","N/A",34.1607,-118.616
1305,"15500    RAYEN                        ST","N/A",34.2337,-118.47
1306,"100 S  ORLANDO                      AV","N/A",34.0735,-118.373
1307,"10400    WHIPPLE                      ST","N/A",34.1479,-118.359
1308,"10100    JOHANNA                      AV","N/A",34.2562,-118.359
1309,"4500    STAUNTON                     AV","N/A",34.0016,-118.242
1310,"3900    GIBRALTAR                    AV","N/A",34.0161,-118.355
1311,"5800 W  CENTURY                      BL","N/A",33.9456,-118.383
1312,"1900 S  ROBERTSON                    BL","N/A",34.0446,-118.387
1313,"1300 W  24TH                         ST","N/A",34.0344,-118.289
1314,"2700    KENWOOD                      AV","N/A",34.0291,-118.299
1315,"3200    SAN FERNANDO                 RD","N/A",34.1168,-118.248
1316,"1800    DELOZ                        AV","N/A",34.1024,-118.277
1317,"MELROSE","FULLER                       AV",34.0836,-118.35
1318,"CORBIN                       AV","PLUMMER                      ST",34.2427,-118.562
1319,"900 S  SANTEE                       ST","N/A",34.0397,-118.254
1320,"1900 W  OLYMPIC                      BL","N/A",34.0508,-118.278
1321,"3800    YORK                         BL","N/A",34.1283,-118.23
1322,"3400    EAGLE                        ST","N/A",34.033,-118.197
1323,"19400    HAYNES                       ST","N/A",34.189,-118.557
1324,"500 N  CURSON                       AV","N/A",0.0,0.0
1325,"800 E  87TH                         PL","N/A",33.9583,-118.261
1326,"200 W  6TH                          ST","N/A",34.046,-118.251
1327,"11200    DE GARMO                     AV","N/A",34.2736,-118.414
1328,"17600    SHERMAN                      WY","N/A",34.2011,-118.516
1329,"1500 N  POINSETTIA                   PL","N/A",34.098,-118.348
1330,"5900    CEDROS                       AV","N/A",34.1776,-118.453
1331,"6300    MARYLAND                     DR","N/A",34.0669,-118.365
1332,"00    WAVECREST                    AV","N/A",33.9901,-118.475
1333,"NORDHOFF                     ST","TOBIAS                       AV",34.2354,-118.452
1334,"LANKERSHIM                   BL","CAHUENGA                     BL",34.1372,-118.363
1335,"300 W  83RD                         ST","N/A",33.9661,-118.285
1336,"9600    WILBUR                       AV","N/A",34.2448,-118.545
1337,"1700 W  20TH                         ST","N/A",34.0382,-118.294
1338,"6200 W  SUNSET                       BL","N/A",34.0944,-118.328
1339,"4100    GRAND VIEW                   BL","N/A",33.9988,-118.426
1340,"22100    ELKWOOD                      ST","N/A",34.2128,-118.609
1341,"25600    HARBOR VILLAGE               PL","N/A",33.7919,-118.295
1342,"18600    HATTERAS                     ST","N/A",34.1772,-118.539
1343,"2800 S  REDONDO                      BL","N/A",34.0271,-118.358
1344,"2400    DALLAS                       ST","N/A",34.0939,-118.24
1345,"4800    COMPTON                      AV","N/A",33.9998,-118.248
1346,"4600    MELROSE                      AV","N/A",34.0836,-118.301
1347,"19100    INGOMAR                      ST","N/A",34.212,-118.549
1348,"500 N  FIGUEROA                     ST","N/A",34.0615,-118.247
1349,"7900    MELROSE                      AV","N/A",34.0838,-118.362
1350,"1800    PARNELL                      AV","N/A",34.0527,-118.43
1351,"100    WORLD                        WY","N/A",33.9455,-118.401
1352,"18500    BURBANK                      BL","N/A",34.1723,-118.537
1353,"9500    URBANA                       AV","N/A",34.2421,-118.435
1354,"800 W  ANAHEIM                      ST","N/A",33.7795,-118.271
1355,"13000    KELOWNA                      ST","N/A",34.2527,-118.417
1356,"13400    VICTORY                      BL","N/A",34.1887,-118.425
1357,"10800    KEWEN                        AV","N/A",34.2627,-118.435
1358,"1700 E  CESAR E CHAVEZ               AV","N/A",34.0509,-118.217
1359,"4500    DENSMORE                     AV","N/A",34.1525,-118.478
1360,"3600 S  NORMANDIE                    AV","N/A",34.0219,-118.304
1361,"00    KETCH                        ST","N/A",33.9733,-118.462
1362,"4400    MURIETTA                     AV","N/A",34.1504,-118.438
1363,"21900    BURBANK                      BL","N/A",34.1729,-118.603
1364,"500 E  48TH                         ST","N/A",33.9998,-118.267
1365,"13700    FOOTHILL                     BL","N/A",34.3087,-118.432
1366,"10900    BLUFFSIDE                    DR","N/A",34.1412,-118.368
1367,"700 S  SOTO                         ST","N/A",34.035,-118.215
1368,"4700    DON LORENZO                  DR","N/A",34.0012,-118.358
1369,"700 N  ST ANDREWS                   PL","N/A",34.0865,-118.317
1370,"1600    ARAPAHOE                     ST","N/A",34.0418,-118.285
1371,"11700    SEMINOLE                     CI","N/A",34.2827,-118.559
